-- MySQL dump 10.13  Distrib 8.0.21, for Linux (x86_64)
--
-- Host: localhost    Database: Events
-- ------------------------------------------------------
-- Server version	8.0.21

/*!40101 SET @OLD_CHARACTER_SET_CLIENT=@@CHARACTER_SET_CLIENT */;
/*!40101 SET @OLD_CHARACTER_SET_RESULTS=@@CHARACTER_SET_RESULTS */;
/*!40101 SET @OLD_COLLATION_CONNECTION=@@COLLATION_CONNECTION */;
/*!50503 SET NAMES utf8mb4 */;
/*!40103 SET @OLD_TIME_ZONE=@@TIME_ZONE */;
/*!40103 SET TIME_ZONE='+00:00' */;
/*!40014 SET @OLD_UNIQUE_CHECKS=@@UNIQUE_CHECKS, UNIQUE_CHECKS=0 */;
/*!40014 SET @OLD_FOREIGN_KEY_CHECKS=@@FOREIGN_KEY_CHECKS, FOREIGN_KEY_CHECKS=0 */;
/*!40101 SET @OLD_SQL_MODE=@@SQL_MODE, SQL_MODE='NO_AUTO_VALUE_ON_ZERO' */;
/*!40111 SET @OLD_SQL_NOTES=@@SQL_NOTES, SQL_NOTES=0 */;

--
-- Table structure for table `Event`
--

DROP TABLE IF EXISTS `Event`;
/*!40101 SET @saved_cs_client     = @@character_set_client */;
/*!50503 SET character_set_client = utf8mb4 */;
CREATE TABLE `Event` (
  `id` int NOT NULL,
  `active` varchar(255) DEFAULT NULL,
  `attachments` varchar(255) DEFAULT NULL,
  `categoryId` varchar(255) DEFAULT NULL,
  `descLong` longtext,
  `descShort` varchar(255) DEFAULT NULL,
  `endDate` datetime DEFAULT NULL,
  `name` varchar(255) DEFAULT NULL,
  `startDate` datetime DEFAULT NULL,
  `url` varchar(255) DEFAULT NULL,
  `Organizer_id` int DEFAULT NULL,
  `Place_id` int DEFAULT NULL,
  `Ticket_id` int DEFAULT NULL,
  PRIMARY KEY (`id`),
  KEY `FKlxk4aos4cpvvtbnsugwj1ry2g` (`Organizer_id`),
  KEY `FKp5w91pi0ej2mmjhaysicfbu92` (`Place_id`),
  KEY `FK8im2ph77rnvkr6bwdd1a67nod` (`Ticket_id`)
) ENGINE=MyISAM DEFAULT CHARSET=utf8mb4 COLLATE=utf8mb4_0900_ai_ci;
/*!40101 SET character_set_client = @saved_cs_client */;

--
-- Dumping data for table `Event`
--

LOCK TABLES `Event` WRITE;
/*!40000 ALTER TABLE `Event` DISABLE KEYS */;
INSERT INTO `Event` VALUES (48268,'1',NULL,'83','PLASTYKA - prowadząca Renata NowakAbsolwentka Akademii Sztuk Pięknych w Gdańsku na Wydziale Grafiki.Głównym tworzywem jej pracy jest rysunek, ilustracja i fotografia metodą camera obscura.Zajmuje się też projektowaniem graficznym.Wystawia w kraju i za granicą.Indywidualna wystawa Ilustracji w Galerii Ciasna w Jastrzębiu Zdroju 2016Laureatka wielu nagród i wyróżnień.Nagroda Prezydenta Gdańska w dziedzinie kultury 2014Jej prace znajdują się w Muzeum Sztuki Współczesnej Tajwan, Katalonia, Pekin i w zbiorach prywatnych Polska, Francja, Niemcy, Anglia  ','PLASTYKA - prowadząca Renata NowakAbsolwentka Akademii Sztuk Pięknych w Gdańsku na Wydziale Grafiki.Głównym tworzywem jej pracy jest rysunek, ilustracja i fotografia metodą camera obscura.Zajmuje się też projektowaniem graficznym.Wystawia w k...','2020-10-06 18:00:00','Plastyka // Dzieci','2020-10-06 16:00:00','http://stacjaorunia.weebly.com',5,8,1),(72523,'1','events/eventthumb_5f645745dca5e.png','51','Dwie plastyczki Aleksandra Ujazdowska i Emilia Kalinowska, zawodowo związane z Fabryką Sztuk, postanowiły nauczyć młodzież podstaw rysunku i malarstwa. 6 października startują waszARTY, adresowane do osób niepełnoletnich z klas VII i VIII szkół podstawowych oraz szkół ponadpodstawowych. Zajęcia odbywają się we wtorki o godz. 16.00. Udział w nich jest bezpłatny, ale obowiązują wcześniejsze zgłoszenia: https://tiny.pl/7phbf Program: 6.10 – Podstawy rysunku Zaczynamy przygodę z rysowaniem. Poznamy takie zagadnienia, jak: perspektywa, walor, światło, kreska czy kontrast. Nasza przygoda zaczyna się od martwej natury i stopniowo będziemy zwiększać poziom zaawansowania.','6 października startują waszARTY dla młodzieży, podczas których nauczymy podstaw rysunku i malarstwa.','2020-10-06 17:30:00','waszARTY','2020-10-06 16:00:00','http://fabrykasztuk.tczew.pl/index.php?p=7,14,0&item=93d4aa0698b428d3',108,483,2),(72482,'1','events/eventthumb_5f57331f5d2bf.png','35','Najsłynniejsze dzieło rosyjskiego kompozytora Modesta Musorgskiego powstało w rekordowo krótkim czasie, a inspiracją do stworzenia cyklu miniatur była wystawa malarstwa. Choć pierwotnie utwór miał wykonywać tylko jeden pianista, sławę zyskała wersja orkiestrowa i to właśnie ona zapewniła twórcy miejsce na podium historii. Czego dowiesz się z webinarium? - Jak malować obrazy dźwiękami? - Na jakim targu można kupić dobrą muzykę? - Czy spacery rzeczywiście mają wpływ na muzykę, którą pisze kompozytor? - Jak oglądać, żeby zobaczyć i jak słuchać, żeby zrozumieć? Gość specjalny: Natalia Walewska - koncertmistrz Filharmonii Bałtyckiej w Gdańsku Terminy: 6 października 2020 r. - godzina 16:00 lub 18:00 7 października 2020 r. - godzina 16:00 lub 18:00','Obrazki z wystawy - darmowe muzyczne webinaria dla dzieci i młodzieży','2020-10-06 17:00:00','Obrazki z wystawy - muzyczne webinaria dla dzieci i młodzieży','2020-10-06 16:00:00','https://dkm.amberton.pl',421,3022,3),(48417,'1',NULL,'83','CERAMIKA - prowadząca Grażyna KunickaStudia na Państwowej w Państwowej Wyższej Szkole Sztuk Plastycznych (ASP) w Gdańsku na wydziale Malarstwa i Grafiki w pracowni prof. K. Berezińskiego. Dyplom w 1987 r.Uprawia malarstwo, ceramikę i ilustrację książkową.Jest kuratorką wystaw, animatorką kultury, wykładowcą na studiach podyplomowych, liderką i współautorką scenariuszy międzynarodowych projektów unijnych, uczestniczką plenerów, sympozjów międzynarodowych i społecznych akcji artystycznych organizowanych na rzecz miasta.Zajęcia dla dzieci w wieku od 5 latPodstawy technologii ceramiki, tworzenie przestrzennych i płaskich form ceramicznych. Podczas zajęć projektujemy, lepimy, szkliwimy i wypalamy w piecu ceramicznym.  ','CERAMIKA - prowadząca Grażyna KunickaStudia na Państwowej w Państwowej Wyższej Szkole Sztuk Plastycznych (ASP) w Gdańsku na wydziale Malarstwa i Grafiki w pracowni prof. K. Berezińskiego. Dyplom w 1987 r.Uprawia malarstwo, ceramikę i ilustrac...','2020-10-06 18:30:00','Ceramika // dzieci','2020-10-06 16:30:00','http://stacjaorunia.weebly.com',5,8,4),(56164,'1',NULL,'83','CERAMIKA - prowadząca Grażyna KunickaStudia na Państwowej w Państwowej Wyższej Szkole Sztuk Plastycznych (ASP) w Gdańsku na wydziale Malarstwa i Grafiki w pracowni prof. K. Berezińskiego. Dyplom w 1987 r.Uprawia malarstwo, ceramikę i ilustrację książkową.Jest kuratorką wystaw, animatorką kultury, wykładowcą na studiach podyplomowych, liderką i współautorką scenariuszy międzynarodowych projektów unijnych, uczestniczką plenerów, sympozjów międzynarodowych i społecznych akcji artystycznych organizowanych na rzecz miasta.Zajęcia dla dzieci w wieku od 5 latPodstawy technologii ceramiki, tworzenie przestrzennych i płaskich form ceramicznych. Podczas zajęć projektujemy, lepimy, szkliwimy i wypalamy w piecu ceramicznym.  ','CERAMIKA - prowadząca Grażyna KunickaStudia na Państwowej w Państwowej Wyższej Szkole Sztuk Plastycznych (ASP) w Gdańsku na wydziale Malarstwa i Grafiki w pracowni prof. K. Berezińskiego. Dyplom w 1987 r.Uprawia malarstwo, ceramikę i ilustrac...','2020-10-06 19:15:00','Ceramika // dzieci','2020-10-06 17:15:00','http://stacjaorunia.weebly.com',5,8,5),(72506,'1','http://www.teatrminiatura.pl/media/repertoire/Na_zdjeciu_aktor_Krystian_Wieczynski_w_roli_Pana_Kleksa2.jpg','19','na podstawie powieści Jana Brzechwy\nadaptacja: Emil Płoszajski\nreżyseria: Agnieszka Płoszajska\nscenografia: Michał Dracz\naranżacje piosenek: Przemysław Bartoś, Marcin Gałązka\nchoreografia: Michał Cyran\nasystentka reżyserki: Magdalena Żulińska\n \nobsada:\nAmbroży Kleks | Krystian Wieczyński\nSzpak Mateusz | Piotr Kłudka \nMeluzyna/Król/animacja | Magdalena Żulińska\nFilip Golarz/Nauczyciel/Królowa/animacja | Jakub Ehrlich\nPiastunka/Asystentka Doktora Paj Chi Wo/animacja | Agnieszka Grzegorzewska\nPiastunka/Asystentka Doktora Paj Chi Wo/animacja | Wioleta Karpowicz\n \nobsada dziecięca:\nAdaś | Matylda Krystaszek/Konrad Repiński\nAlojzy | Konstancja Martin/Tymon Plata\nSzpak Mateusz | Marianna Zawada\nDoktor Paj Chi Wo | Emilia Stelmachowska/Julia Wojciechowska\nMały pan Kleks | Gabriela Sztejner/Aleksandra Polak\nAkademia\nMaja Gołębska/Rozalia Nowicka\nSzymon Wierejko/Michał Trawicki\nMiłosz Teterycz/Andrzej Bansleben\nEmilia Stelmachowska/Julia Wojciechowska\nIzabela Fadel/Wiktoria Tumasz\nŁucja Łysoń/Barbara Papis\nSzkoła/Wilki\nKonstancja Martin/Tymon Plata\nGabriela Sztejner/Aleksandra Polak\nTola Wośko/Nadia Wicenbach\nEryk Lipski/Adam Kordowski\nHanna Kowalkowska/Antonina Skibicka\nDziewczynka z Zapałkami | Tola Wośko/Nadia Wicenbach\nMeluzyni\nHanna Kowalkowska/Antonina Skibicka\nEryk Lipski/Adam Kordowski\nKsiążę | Szymon Wierejko/Michał Trawicki\n \nPremiera: 3 października 2020, Duża Scena Teatru Miniatura\nDla widzów od 6 lat\nSpektakl jest grany w dwóch obsadach dziecięcych.\nCzas trwania: 1 h 40 minut z przerwą.\n ','na podstawie powieści Jana Brzechwy\nadaptacja: Emil Płoszajski\nreżyseria: Agnieszka Płoszajska\nscenografia: Michał Dracz\naranżacje piosenek: Przemysław Bartoś, Marcin Gałązka\nchoreografia: Michał Cyran\nasystentka reżyserki: Magdale...','2020-10-06 20:00:00','Akademia pana Kleksa','2020-10-06 18:00:00','http://www.teatrminiatura.pl/pl/repertuar/detail/698/akademia-pana-kleksa/',2,1,6),(72483,'1','events/eventthumb_5f57343be03ef.png','35','Najsłynniejsze dzieło rosyjskiego kompozytora Modesta Musorgskiego powstało w rekordowo krótkim czasie, a inspiracją do stworzenia cyklu miniatur była wystawa malarstwa. Choć pierwotnie utwór miał wykonywać tylko jeden pianista, sławę zyskała wersja orkiestrowa i to właśnie ona zapewniła twórcy miejsce na podium historii. Czego dowiesz się z webinarium? - Jak malować obrazy dźwiękami? - Na jakim targu można kupić dobrą muzykę? - Czy spacery rzeczywiście mają wpływ na muzykę, którą pisze kompozytor? - Jak oglądać, żeby zobaczyć i jak słuchać, żeby zrozumieć? Gość specjalny: Natalia Walewska - koncertmistrz Filharmonii Bałtyckiej w Gdańsku Terminy: 6 października 2020 r. - godzina 16:00 lub 18:00 7 października 2020 r. - godzina 16:00 lub 18:00','Obrazki z wystawy - darmowe muzyczne webinaria dla dzieci i młodzieży','2020-10-06 19:00:00','Obrazki z wystawy - darmowe muzyczne webinaria dla dzieci i młodzieży','2020-10-06 18:00:00','https://dkm.amberton.pl',421,3022,7),(72729,'1',NULL,'77','ZAJĘCIA GRUPOWEdla kobiet 50 +Zajęcia prozdrowotne i uelastyczniające dla kobiet 50+.ZAJĘCIA GRUPOWE 1 raz w tyg. :・ Wiek: dorośli i seniorzy・ Cena: 20 zł – 1 zajęcia, 70 zł – miesiąc・ Częstotliwość: 1 raz w tygodniu, 60 minutZAJĘCIA GRUPOWE 2 razy w tyg. :・ Wiek: dorośli i seniorzy・ Cena: 20 zł – 1 zajęcia, 120 zł – miesiąc・ Częstotliwość: 2 razy w tygodniu, 60 minutILOŚĆ MIEJSC OGRANICZONA!INSTRUKTOR:Ola Kloska. Z tańcem związana od 7 roku życia, uczestniczka wielu kursów i warsztatów tanecznych - początkowo tańce towarzyskie, narodowe. W 2005 roku poznała reggaeton, najpierw jako styl muzyczny, a trzy lata później na parkiecie. Miłość do reggaetonu przerodziła się w zainteresowanie kulturą krajów Ameryki Środkowej i Południowej i poznawanie innych stylów: salsa, bachata, dancehall, a także sexy dance, afro dance czy hip-hop. Program ZUMBA®FITNESS odkryła w 2010 roku. Połączenie tańca, fitnessu i gorących rytmów stało się jej największą pasją i sposobem na życie. Od kwietnia 2013 roku jest licencjonowaną instruktorką ZUMBA®FITNESS. Swoją pasją pragnie zarażać innych, pokazując jednocześnie, że trening nie musi być nudny, a ćwicząc możemy poczuć się jak na imprezie :)Zapisy:GAK Wyspa Skarbówul. Turystyczna 3Tel: 58 323 91 15e-mail: wyspaskarbow@gak.gda.pl','ZAJĘCIA GRUPOWEdla kobiet 50 +Zajęcia prozdrowotne i uelastyczniające dla kobiet 50+.ZAJĘCIA GRUPOWE 1 raz w tyg. :・ Wiek: dorośli i seniorzy・ Cena: 20 zł – 1 zajęcia, 70 zł – miesiąc・ Częstotliwość: 1 raz w tygodniu, 60 minutZA...','2020-10-07 11:05:00','Gimnastyka prozdrowotna - OD PAŹDZIERNIKA','2020-10-07 09:05:00','http://wyspaskarbow.gak.gda.pl',5,13,8),(49213,'1',NULL,'83','NAUKA GRY NA PERKUSJI - prowadzący Jacek ReznerNa perkusji gra od 15 roku życia.Koncertował m.in. w Newcastle, Liverpoolu, Kampen, Bergen, Berlinie, Rydze, Lipawie, Tatru, Valmierze, Pradze, Ostrawie.Występował na Festiwalach: Liverpool International Festival Of Psychedelia 2016, Soundrive 2015, Offestiwal 2015, Spacefest 2014, Jazz Jantar 2014, Magnetofon 2013Uczestnik warsztatów w ramach wymiany Stage Europe Network we Francji prowadzonych przez znanego francuskiego perkusistę Laurenta Piacentino.Współpracował z zespołem Enchanted Hunters podczas tworzenia muzyki do filmu „Małe stłuczki”.Na co dzień pracownik Stacji Orunia GAK.Zajęcia skierowane do osób lubiących rytm, pragnących rozpocząć przygodę z grą na perkusji, jak również do tych o wyższym poziomie wtajemniczenia.W programie zajęć:Zaznajomienie z instrumentem – przedstawienie szczegółowo elementów składających się na perkusje oraz przedstawienie historii instrumentu. Zapoznanie z technikami gry na perkusji – właściwa technika ułożenia dłoni oraz pracy nadgarstkami. Praca nad właściwym wydobywaniem dźwięków. Zachowanie prawidłowej postawy podczas gry na instrumencie. Stopniowanie dynamiki podczas gry. Kształtowanie samodzielnej pracy nad instrumentem oraz rozwijanie i kształcenie wyobraźni artystycznej. ','NAUKA GRY NA PERKUSJI - prowadzący Jacek ReznerNa perkusji gra od 15 roku życia.Koncertował m.in. w Newcastle, Liverpoolu, Kampen, Bergen, Berlinie, Rydze, Lipawie, Tatru, Valmierze, Pradze, Ostrawie.Występował na Festiwalach: Liverpool Interna...','2020-10-07 14:00:00','Nauka gry na perkusji // Młodzież i dorośli','2020-10-07 12:00:00','http://stacjaorunia.weebly.com',5,8,9),(72607,'1',NULL,'35','ZAJĘCIA INDYWIDUALNE I GRUPOWE6 - 99 LATNa zajęciach wprowadzimy Was w świat muzyki i dźwięków jakie tworzy instrument. Instruktor stara się uwrażliwić wychowanków na wszelkie otaczające nas dźwięki tworzone przez przyrodę, morze, zwierzęta i urządzenia. Poznacie nuty oraz otrzymacie narzędzia do rozwijania własnej twórczości muzycznej. Nauczycie się podstawowych technik gry na gitarze. (n.p. gra gam, gra appreggio, gra akordowa) oraz koordynacji rąk. Poczujecie jak pracować z muzyką i w jaki sposób o niej myśleć.ZAJĘCIA INDYWIDUALNE:・ Wiek: dzieci 6+ i dorośli・ Cena: 70 zł – 1 zajęcia, 170 zł – miesiąc・ Częstotliwość: 1 raz w tygodniu, 45 minutZAJĘCIA GRUPOWE:・ Wiek: dzieci 6+ i dorośli・ Cena: 70 zł – 1 zajęcia, 120 zł – miesiąc・ Częstotliwość: 1 raz w tygodniu, 45 minutILOŚĆ MIEJSC OGRANICZONA!INSTRUKTOR:Ireneusz Pestka - muzyk, gitarzysta, pedagog. Swoje umiejętności muzyczne zdobywał na uczelniach: słupskiej i bydgoskiej na wydziale - Wychowanie Muzyczne pod okiem takich wykładowców jak Leszek Kułakowski.\"Swoje umiejętności muzyczne i nauczycielskie zdobywałem na uczelniach słupskiej i bydgoskiej na kierunku - Wychowanie Muzyczne, pod okiem takich wykładowców jak Leszek Kułakowski. Jako nauczyciel muzyki pracuję od roku 2003, zdobywając doświadczenie w szkołach podstawowych i gimnazjach Gdańska. Od kilkunastu lat jestem też instruktorem nauki gry na gitarze, ucząc dzieci i młodzież w Młodzieżowym Domu Kultury w Gdyni i aktualnie w Szkole Muzycznej Yamaha w Gdańsku. „Wspólne muzykowanie” to idea, która jest realizowana na zajęciach.\" Zajęcia gitarowe starają się rozwijać nie tylko techniczne umiejętności gry na instrumencie ale też kształtować poczucie estetyki i wrażliwości poprzez muzykę, biorąc pod uwagę indywidualne predyspozycje uczniów.ZAPISY:GAK Wyspa Skarbówul. Turystyczna 3Tel: 58 323 91 15e-mail: wyspaskarbow@gak.gda.pl','ZAJĘCIA INDYWIDUALNE I GRUPOWE6 - 99 LATNa zajęciach wprowadzimy Was w świat muzyki i dźwięków jakie tworzy instrument. Instruktor stara się uwrażliwić wychowanków na wszelkie otaczające nas dźwięki tworzone przez przyrodę, morze, zwier...','2020-10-07 15:15:00','Nauka gry na gitarze - START 9.09.2020','2020-10-07 13:15:00','http://wyspaskarbow.gak.gda.pl',5,13,10),(49064,'1',NULL,'83','WITRAŻ- prowadzący Andrzej KapicaInstruktor z wieloletnim doświadczeniem. Przygodę z witrażami rozpoczął w roku 2001 jako uczestnik Podstawowego Kursu Witrażownictwa, prowadzonego przez znanego gdańskiego witrażystę Grzegorza Zielińskiego w Promocyjnym Klubie Muzycznym MDK na Suchaninie. Nabyte umiejętności doskonalił nieprzerwanie do końca 2003 roku w Pracowni Witraży Grzegorza Zielińskiego, pod okiem właściciela pracowni.W roku 2007 został członkiem The Stained Glass Association of America.Wielokrotnie prezentował swoje prace na różnych wystawach zarówno w kraju jak i zagranicą między innymi: Wystawa Prac Plastycznych „Tęczowy Most” w Druskiennikach na Litwie, prezentacja prac w ramach wystawy Andrzeja Dudy i Obertasa Żukauskasa pt „Widziane Nie Widzialne” w Galerii Mariackiej w Gdańsku, na zaproszenie Urzędu Miasta Pelplina prezentacja prac witrażowych(lampy) podczas Jarmarku Cysterskiego.Ważniejsze prace witrażysty: wykonanie projektu witraży i oświetlenia witrażowego w Kościele NMP Królowej Kościoła w Jantarze.Realizowanie zleceń na witraże(lampy, witraży do drzwi) dla klientów w Niemczech, Anglii, Szwecji, USAWspółpracował z pracowniami artystycznymi m.in. Artystyczna Pracownia Odlewnictwa i Witraży Stanisław Janiszewski  ','WITRAŻ- prowadzący Andrzej KapicaInstruktor z wieloletnim doświadczeniem. Przygodę z witrażami rozpoczął w roku 2001 jako uczestnik Podstawowego Kursu Witrażownictwa, prowadzonego przez znanego gdańskiego witrażystę Grzegorza Zielińskiego...','2020-10-07 17:00:00','Witraż // od 16 lat','2020-10-07 15:00:00','http://stacjaorunia.weebly.com',5,8,11),(63848,'1',NULL,'51','Zajęcia witrażowe dla dorosłych i młodzieży od 16 lat. Czas trwania kursu wynosi trzy miesiące. Podczas kursu uczestnicy posiądą niepowtarzalną wiedzę jak precyzyjnie pociąć szkło, owinąć szklane elementy miedzianą taśmą oraz połączyć w taki sposób, aby umożliwić ich zalutowanie. Zapewniamy wszystkie niezbędne materiały i narzędzia. Prace wykonane przez uczestników podczas kursu pozostają ich własnością.  Prowadzący: Andrzej Kapica, instruktor z wieloletnim doświadczeniem. Przygodę z witrażami rozpoczął w roku 2001 jako uczestnik Podstawowego Kursu Witrażownictwa, prowadzonego przez znanego gdańskiego witrażystę Grzegorza Zielińskiego w Promocyjnym Klubie Muzycznym MDK na Suchaninie. Nabyte umiejętności doskonalił nieprzerwanie do końca 2003 roku w Pracowni Witraży Grzegorza Zielińskiego, pod okiem właściciela pracowni.W roku 2007 został członkiem The Stained Glass Association of America. Wielokrotnie prezentował swoje prace na różnych wystawach zarówno w kraju jak i zagranicą między innymi: Wystawa Prac Plastycznych „Tęczowy Most” w Druskiennikach na Litwie, prezentacja prac w ramach wystawy Andrzeja Dudy i Obertasa Żukauskasa pt „Widziane Nie Widzialne” w Galerii Mariackiej w Gdańsku, na zaproszenie Urzędu Miasta Pelplina prezentacja prac witrażowych(lampy) podczas Jarmarku Cysterskiego.Ważniejsze prace witrażysty: wykonanie projektu witraży i oświetlenia witrażowego w Kościele NMP Królowej Kościoła w Jantarze.','Zajęcia witrażowe dla dorosłych i młodzieży od 16 lat. Czas trwania kursu wynosi trzy miesiące. Podczas kursu uczestnicy posiądą niepowtarzalną wiedzę jak precyzyjnie pociąć szkło, owinąć szklane elementy miedzianą taśmą oraz połą...','2020-10-07 18:00:00','Witraż','2020-10-07 15:00:00','http://stacjaorunia.weebly.com',5,8,12),(73052,'1',NULL,'96','Zajęcia z tenisa stołowego na Gminnej Hali Sportowej w Bojanie w środy od godziny 15,00 do godziny 17,00 w dniach : 30 września, 7 października, 14 października','Zajęcia z tenisa stołowego na Gminnej Hali Sportowej w Bojanie w środy od godziny 15,00 do godziny 17,00 w dniach : 30 września, 7 października, 14 października','2020-10-07 17:00:00','Zajęcia z tenisa stołowego z Leszkiem Kucharskim w Bojanie','2020-10-07 15:00:00','http://gcksir.szemud.pl/?p=80363',68,2397,13),(72686,'1',NULL,'51','ZAJĘCIA GRUPOWE Rozwijamy niczym nieskrępowaną dziecięcą fantazję oraz wrażliwość artystyczną poprzez świat sztuki. Mali artyści pod okiem doświadczonej instruktorki stworzą swoje indywidualne, niepowtarzalne dzieła, jak i otrzymają możliwość wystawy swoich prac. Dzieci zetkną się z wielką sztuką (kuratorskie oprowadzanie po aktualnych wystawach galerii „Wyspy Skarbów”), przygotują do udziału w akcjach typu Artystyczne Ferie letnie i zimowe.ZAJĘCIA GRUPOWE:Wiek: dzieci 5 – 15 latCena: 20 zł – 1 zajęcia, 50 zł – miesiącCzęstotliwość: 1 raz w tygodniu, 90 minutILOŚĆ MIEJSC OGRANICZONA!PROWADZENIE -  Paulina Llera Arias, Wyspiarka. Ukończyła Liceum Plastyczne w Gdyni Orłowie o profilu Fotografia Artystyczna. Absolwentka Akademii Sztuk Pięknych w Gdańsku (kierunek-  Edukacja Artystyczna). Swoją zawodową przygodę kontynuowała pracując przez kilka lat w pracowni plastycznej Teatru Miniatura, a od 2005 roku związana jest z GAK Wyspa Skarbów.ZAPISY:GAK Wyspa Skarbówul. Turystyczna 3Tel: 58 323 91 15e-mail: wyspaskarbow@gak.gda.pl','ZAJĘCIA GRUPOWE Rozwijamy niczym nieskrępowaną dziecięcą fantazję oraz wrażliwość artystyczną poprzez świat sztuki. Mali artyści pod okiem doświadczonej instruktorki stworzą swoje indywidualne, niepowtarzalne dzieła, jak i otrzymają m...','2020-10-07 18:00:00','Plastyka dla dzieci - OD PAŹDZIERNIKA','2020-10-07 16:00:00','http://wyspaskarbow.gak.gda.pl',5,13,14),(72484,'1','events/eventthumb_5f57356bcc07a.png','35','Najsłynniejsze dzieło rosyjskiego kompozytora Modesta Musorgskiego powstało w rekordowo krótkim czasie, a inspiracją do stworzenia cyklu miniatur była wystawa malarstwa. Choć pierwotnie utwór miał wykonywać tylko jeden pianista, sławę zyskała wersja orkiestrowa i to właśnie ona zapewniła twórcy miejsce na podium historii. Czego dowiesz się z webinarium? - Jak malować obrazy dźwiękami? - Na jakim targu można kupić dobrą muzykę? - Czy spacery rzeczywiście mają wpływ na muzykę, którą pisze kompozytor? - Jak oglądać, żeby zobaczyć i jak słuchać, żeby zrozumieć? Gość specjalny: Natalia Walewska - koncertmistrz Filharmonii Bałtyckiej w Gdańsku Terminy: 6 października 2020 r. - godzina 16:00 lub 18:00 7 października 2020 r. - godzina 16:00 lub 18:00','Obrazki z wystawy - darmowe muzyczne webinaria dla dzieci i młodzieży','2020-10-07 17:00:00','Obrazki z wystawy - darmowe muzyczne webinaria dla dzieci i młodzieży','2020-10-07 16:00:00','https://dkm.amberton.pl',421,3022,15),(72507,'1','http://www.teatrminiatura.pl/media/repertoire/Na_zdjeciu_aktor_Krystian_Wieczynski_w_roli_Pana_Kleksa2.jpg','19','na podstawie powieści Jana Brzechwy\nadaptacja: Emil Płoszajski\nreżyseria: Agnieszka Płoszajska\nscenografia: Michał Dracz\naranżacje piosenek: Przemysław Bartoś, Marcin Gałązka\nchoreografia: Michał Cyran\nasystentka reżyserki: Magdalena Żulińska\n \nobsada:\nAmbroży Kleks | Krystian Wieczyński\nSzpak Mateusz | Piotr Kłudka \nMeluzyna/Król/animacja | Magdalena Żulińska\nFilip Golarz/Nauczyciel/Królowa/animacja | Jakub Ehrlich\nPiastunka/Asystentka Doktora Paj Chi Wo/animacja | Agnieszka Grzegorzewska\nPiastunka/Asystentka Doktora Paj Chi Wo/animacja | Wioleta Karpowicz\n \nobsada dziecięca:\nAdaś | Matylda Krystaszek/Konrad Repiński\nAlojzy | Konstancja Martin/Tymon Plata\nSzpak Mateusz | Marianna Zawada\nDoktor Paj Chi Wo | Emilia Stelmachowska/Julia Wojciechowska\nMały pan Kleks | Gabriela Sztejner/Aleksandra Polak\nAkademia\nMaja Gołębska/Rozalia Nowicka\nSzymon Wierejko/Michał Trawicki\nMiłosz Teterycz/Andrzej Bansleben\nEmilia Stelmachowska/Julia Wojciechowska\nIzabela Fadel/Wiktoria Tumasz\nŁucja Łysoń/Barbara Papis\nSzkoła/Wilki\nKonstancja Martin/Tymon Plata\nGabriela Sztejner/Aleksandra Polak\nTola Wośko/Nadia Wicenbach\nEryk Lipski/Adam Kordowski\nHanna Kowalkowska/Antonina Skibicka\nDziewczynka z Zapałkami | Tola Wośko/Nadia Wicenbach\nMeluzyni\nHanna Kowalkowska/Antonina Skibicka\nEryk Lipski/Adam Kordowski\nKsiążę | Szymon Wierejko/Michał Trawicki\n \nPremiera: 3 października 2020, Duża Scena Teatru Miniatura\nDla widzów od 6 lat\nSpektakl jest grany w dwóch obsadach dziecięcych.\nCzas trwania: 1 h 40 minut z przerwą.\n ','na podstawie powieści Jana Brzechwy\nadaptacja: Emil Płoszajski\nreżyseria: Agnieszka Płoszajska\nscenografia: Michał Dracz\naranżacje piosenek: Przemysław Bartoś, Marcin Gałązka\nchoreografia: Michał Cyran\nasystentka reżyserki: Magdale...','2020-10-07 20:00:00','Akademia pana Kleksa','2020-10-07 18:00:00','http://www.teatrminiatura.pl/pl/repertuar/detail/698/akademia-pana-kleksa/',2,1,16),(72527,'1',NULL,'77','ZAJĘCIA GRUPOWE14 - 99 LATZUMBA®FITNESS jest treningiem powstałym przez połączenie tańca z elementami fitness. Intensywność poszczególnych treningów dostosowana jest do możliwości grupy. Celem zajęć jest przede wszystkim intensywne spalanie kalorii, natomiast forma treningu (energetyczna muzyka i możliwość śpiewania) sprawia, że nie odczuwamy tego, że ćwiczymy.ZAJĘCIA GRUPOWE 1 godz. :・ Wiek: 14+ i dorośli (także dla seniorów!)・ Cena: 20 zł – 1 godzina, 70 zł – miesiąc・ Częstotliwość: 1 raz w tygodniu, 50 minutZAJĘCIA GRUPOWE 1 godz. GIMNASTYKI + 1 godz. ZUMBY :・ Wiek: 14+ i dorośli (także dla seniorów!)・ Cena: 30 zł – 2 godziny, 100 zł – miesiąc・ Częstotliwość: 1 raz w tygodniu, 100 minutILOŚĆ MIEJSC OGRANICZONA!INSTRUKTOR:Ola Kloska. Z tańcem związana od 7 roku życia, uczestniczka wielu kursów i warsztatów tanecznych - początkowo tańce towarzyskie, narodowe. W 2005 roku poznała reggaeton, najpierw jako styl muzyczny, a trzy lata później na parkiecie. Miłość do reggaetonu przerodziła się w zainteresowanie kulturą krajów Ameryki Środkowej i Południowej i poznawanie innych stylów: salsa, bachata, dancehall, a także sexy dance, afro dance czy hip-hop. Program ZUMBA®FITNESS odkryła w 2010 roku. Połączenie tańca, fitnessu i gorących rytmów stało się jej największą pasją i sposobem na życie. Od kwietnia 2013 roku jest licencjonowaną instruktorką ZUMBA®FITNESS. Swoją pasją pragnie zarażać innych, pokazując jednocześnie, że trening nie musi być nudny, a ćwicząc możemy poczuć się jak na imprezie :)ZAPISY:GAK Wyspa Skarbówul. Turystyczna 3Tel: 58 323 91 15e-mail: wyspaskarbow@gak.gda.pl','ZAJĘCIA GRUPOWE14 - 99 LATZUMBA®FITNESS jest treningiem powstałym przez połączenie tańca z elementami fitness. Intensywność poszczególnych treningów dostosowana jest do możliwości grupy. Celem zajęć jest przede wszystkim intensywne spal...','2020-10-07 20:00:00','Zumba - START 9.09.2020','2020-10-07 18:00:00','http://wyspaskarbow.gak.gda.pl',5,13,17),(73041,'1','events/eventthumb_5f6b38ca41467.png','51','W październiku zapraszamy do dworkowej Galerii Sztuki by odnaleźć piękno otaczającego nas świata z Jolantą Sampławską malarką, rysowniczką, graficzką i fotografką. Na ekspozycję zatytułowaną „Odszukaj piękno” złożą się rysunki tej trójmiejskiej artystki, absolwentki Państwowego Liceum Sztuk Plastycznych w Gdyni Orłowie oraz Wyższej Szkoły Sztuk Plastycznych w Poznaniu. Prezentowane prace inspirowane są potęgą natury, ukazują abstrakcyjne spojrzenie artystki na przyrodę: kwiaty, drzewa, zwierzęta, krajobrazy, a także Jej wrażliwość na piękno, harmonię i kompozycję. „Ptaka” - ukrytego w gąszczu czarnobiałych linii, który zapoczątkował ten nurt w twórczości J. Sampławskiej, także nie zabraknie w gronie eksponowanych prac. Wystawę „Odszukaj piękno” będzie można oglądać do końca miesiąca, codziennie w godzinach 12.00-18.00. Wstęp wolny Zapraszamy Więcej informacji: https://tps-dworek.pl/odszukaj-piekno-wystawa-rysunku-jolanty-samplawskiej-7-31-10-2020/','Wystawę „Odszukaj piękno” Jolanty Sampławskiej będzie można oglądać do końca miesiąca, codziennie w godzinach 12.00-18.00 w Dworku Sierakowskich w Sopocie. Wstęp wolny.','2020-10-31 18:00:00','Odszukaj Piękno | Wystawa rysunku Jolanty Sampławskiej','2020-10-07 18:00:00','https://tps-dworek.pl/odszukaj-piekno-wystawa-rysunku-jolanty-samplawskiej-7-31-10-2020/',61,2240,18),(72485,'1','events/eventthumb_5f573627626ab.png','35','Najsłynniejsze dzieło rosyjskiego kompozytora Modesta Musorgskiego powstało w rekordowo krótkim czasie, a inspiracją do stworzenia cyklu miniatur była wystawa malarstwa. Choć pierwotnie utwór miał wykonywać tylko jeden pianista, sławę zyskała wersja orkiestrowa i to właśnie ona zapewniła twórcy miejsce na podium historii. Czego dowiesz się z webinarium? - Jak malować obrazy dźwiękami? - Na jakim targu można kupić dobrą muzykę? - Czy spacery rzeczywiście mają wpływ na muzykę, którą pisze kompozytor? - Jak oglądać, żeby zobaczyć i jak słuchać, żeby zrozumieć? Gość specjalny: Natalia Walewska - koncertmistrz Filharmonii Bałtyckiej w Gdańsku Terminy: 6 października 2020 r. - godzina 16:00 lub 18:00 7 października 2020 r. - godzina 16:00 lub 18:00','Obrazki z wystawy - darmowe muzyczne webinaria dla dzieci i młodzieży','2020-10-07 19:00:00','Obrazki z wystawy - darmowe muzyczne webinaria dla dzieci i młodzieży','2020-10-07 18:00:00','https://dkm.amberton.pl',421,3022,19),(73053,'1',NULL,'96','Zawody w ramach Wojewódzkich Igrzysk Młodzieży Szkolnej WSZS w Gdańsku','Zawody w ramach Wojewódzkich Igrzysk Młodzieży Szkolnej WSZS w Gdańsku','2020-10-08 12:30:00','Powiatowe Igrzyska Dzieci w badmintonie','2020-10-08 09:30:00','http://gcksir.szemud.pl/?p=80365',68,1868,20),(72808,'1',NULL,'35','ZAJĘCIA INDYWIDUALNE I GRUPOWE6 - 99 LATPROFIL ROZRYWKOWY - DLA POCZĄTKUJĄCYCHZAJĘCIA INDYWIDUALNE (1 raz w tygodniu):・ Wiek: dzieci 6+ i dorośli・ Cena: 70 zł – 1 zajęcia, 170 zł – miesiąc・ Częstotliwość: 1 raz w tygodniu, 45 minutZAJĘCIA INDYWIDUALNE (2 razy w tygodniu):・ Wiek: dzieci 6+ i dorośli・ Cena: 70 zł – 1 zajęcia, 280 zł – miesiąc・ Częstotliwość: 2 razy w tygodniu, 45 minutZAPISY:GAK Wyspa Skarbówul. Turystyczna 3Tel: 58 323 91 15e-mail: wyspaskarbow@gak.gda.pl','ZAJĘCIA INDYWIDUALNE I GRUPOWE6 - 99 LATPROFIL ROZRYWKOWY - DLA POCZĄTKUJĄCYCHZAJĘCIA INDYWIDUALNE (1 raz w tygodniu):・ Wiek: dzieci 6+ i dorośli・ Cena: 70 zł – 1 zajęcia, 170 zł – miesiąc・ Częstotliwość: 1 raz w tygodniu, 45 mi...','2020-10-08 14:00:00','Pianino - profil rozrywkowy - OD PAŹDZERNIKA','2020-10-08 12:00:00','http://wyspaskarbow.gak.gda.pl',5,13,21),(72486,'1','events/eventthumb_5f5737e994de9.png','35','Kompozytorzy czerpią inspirację z kontemplacji rozgwieżdżonego nieba, a za pomocą dźwięków oddają powagę, majestat i ogrom przestrzeni kosmicznej, w której zawieszona jest nasza mała niebieska planeta. Gwiazdy inspirowały nie tylko twórców dawnych epok, ale także tych, którzy piszą muzykę dziś. Zaglądamy w najodleglejsze rejony muzyki, aby poznać odpowiedzi na temat Wszechświata i nas samych. Czego dowiesz się z webinarium? - Co łączy muzykę klasyczną z astronomią? - Jak słuchać muzyki w świetle księżyca? - Jak skutecznie oswoić lęk przed burzą? - Czy instrumenty astronoma i instrumenty muzyczne należą do jednej rodziny? Gość specjalny: Przemysław Rudź - popularyzator astronomii, pracownik Departamentu Edukacji Polskiej Agencji Kosmicznej Terminy: 08 października 2020 r. - godzina 16:00 lub 18:00 13 października 2020 r. - godzina 16:00 lub 18:00','Kosmoteka - darmowe muzyczne webinaria dla dzieci i młodzieży','2020-10-08 17:00:00','Kosmoteka - darmowe muzyczne webinaria dla dzieci i młodzieży','2020-10-08 16:00:00','https://dkm.amberton.pl',421,3022,22),(73054,'1',NULL,'96','&nbsp;','&nbsp;','2020-10-08 18:30:00','Czwartek Lekkoatletyczny w Bojanie','2020-10-08 17:00:00','http://gcksir.szemud.pl/?p=80335',68,2397,23),(72487,'1','events/eventthumb_5f5738b292b10.png','35','Kompozytorzy czerpią inspirację z kontemplacji rozgwieżdżonego nieba, a za pomocą dźwięków oddają powagę, majestat i ogrom przestrzeni kosmicznej, w której zawieszona jest nasza mała niebieska planeta. Gwiazdy inspirowały nie tylko twórców dawnych epok, ale także tych, którzy piszą muzykę dziś. Zaglądamy w najodleglejsze rejony muzyki, aby poznać odpowiedzi na temat Wszechświata i nas samych. Czego dowiesz się z webinarium? - Co łączy muzykę klasyczną z astronomią? - Jak słuchać muzyki w świetle księżyca? - Jak skutecznie oswoić lęk przed burzą? - Czy instrumenty astronoma i instrumenty muzyczne należą do jednej rodziny? Gość specjalny: Przemysław Rudź - popularyzator astronomii, pracownik Departamentu Edukacji Polskiej Agencji Kosmicznej Terminy: 08 października 2020 r. - godzina 16:00 lub 18:00 13 października 2020 r. - godzina 16:00 lub 18:00','Kosmoteka - darmowe muzyczne webinaria dla dzieci i młodzieży','2020-10-08 19:00:00','Kosmoteka - darmowe muzyczne webinaria dla dzieci i młodzieży','2020-10-08 18:00:00','https://dkm.amberton.pl',421,3022,24),(73055,'1',NULL,'96','25 września , 2 października, 9 października, 16 października (piątki) Hala Sportowo-Widowiskowa w Szemudzie','25 września , 2 października, 9 października, 16 października (piątki) Hala Sportowo-Widowiskowa w Szemudzie','2020-10-09 23:59:00','Zajęcia z tenisa stołowego z Leszkiem Kucharskim','2020-10-09 00:00:00','http://gcksir.szemud.pl/?p=80360',68,1868,25),(72730,'1',NULL,'77','ZAJĘCIA GRUPOWEdla kobiet 50 +Zajęcia prozdrowotne i uelastyczniające dla kobiet 50+.ZAJĘCIA GRUPOWE 1 raz w tyg. :・ Wiek: dorośli i seniorzy・ Cena: 20 zł – 1 zajęcia, 70 zł – miesiąc・ Częstotliwość: 1 raz w tygodniu, 60 minutZAJĘCIA GRUPOWE 2 razy w tyg. :・ Wiek: dorośli i seniorzy・ Cena: 20 zł – 1 zajęcia, 120 zł – miesiąc・ Częstotliwość: 2 razy w tygodniu, 60 minutILOŚĆ MIEJSC OGRANICZONA!INSTRUKTOR:Ola Kloska. Z tańcem związana od 7 roku życia, uczestniczka wielu kursów i warsztatów tanecznych - początkowo tańce towarzyskie, narodowe. W 2005 roku poznała reggaeton, najpierw jako styl muzyczny, a trzy lata później na parkiecie. Miłość do reggaetonu przerodziła się w zainteresowanie kulturą krajów Ameryki Środkowej i Południowej i poznawanie innych stylów: salsa, bachata, dancehall, a także sexy dance, afro dance czy hip-hop. Program ZUMBA®FITNESS odkryła w 2010 roku. Połączenie tańca, fitnessu i gorących rytmów stało się jej największą pasją i sposobem na życie. Od kwietnia 2013 roku jest licencjonowaną instruktorką ZUMBA®FITNESS. Swoją pasją pragnie zarażać innych, pokazując jednocześnie, że trening nie musi być nudny, a ćwicząc możemy poczuć się jak na imprezie :)Zapisy:GAK Wyspa Skarbówul. Turystyczna 3Tel: 58 323 91 15e-mail: wyspaskarbow@gak.gda.pl','ZAJĘCIA GRUPOWEdla kobiet 50 +Zajęcia prozdrowotne i uelastyczniające dla kobiet 50+.ZAJĘCIA GRUPOWE 1 raz w tyg. :・ Wiek: dorośli i seniorzy・ Cena: 20 zł – 1 zajęcia, 70 zł – miesiąc・ Częstotliwość: 1 raz w tygodniu, 60 minutZA...','2020-10-09 11:05:00','Gimnastyka prozdrowotna - OD PAŹDZIERNIKA','2020-10-09 09:05:00','http://wyspaskarbow.gak.gda.pl',5,13,26),(73056,'1',NULL,'96','Zawody w ramach Wojewódzkich Igrzysk Dzieci WSZS w Gdańsku.','Zawody w ramach Wojewódzkich Igrzysk Dzieci WSZS w Gdańsku.','2020-10-09 13:00:00','Powiatowe Igrzyska Dzieci w Szachach','2020-10-09 09:30:00','http://gcksir.szemud.pl/?p=80367',68,1868,27),(72567,'1',NULL,'35','ZAJĘCIA INDYWIDUALNE I GRUPOWE6 - 99 LATJeśli chcesz nauczyć się śpiewu, zasad poprawnej dykcji, artykulacji, prawidłowego oddechu, świetnie trafiłeś! Na zajęciach dzieci w praktyce uczyć się będą:- prawidłowej emisji głosu i jakie są jej elementy;- jak prawidłowo oddychać podczas śpiewu;- poznaj - szereg ćwiczeń poszerzających skalę głosu;- poznaj - wartościowy repertuar dopasowany specjalnie dla ich głosu;- naucz radzić sobie z tremąZAJĘCIA INDYWIDUALNE:・ Wiek: dzieci 6+ i dorośli・ Cena: 70 zł – 1 zajęcia, 170 zł – miesiąc・ Częstotliwość: 1 raz w tygodniu, 60 minutILOŚĆ MIEJSC OGRANICZONA!INSTRUKTORJoanna Przyborowska, absolwentka Wokalistyki Estradowej na Akademii Muzycznej w Łodzi. „Z muzyką związana jestem od \'zawsze\'. Doświadczenie sceniczne zdobywałam biorąc udział w licznych projektach muzycznych, warsztatach wokalnych i festiwalach piosenki, dzięki czemu miałam możliwość występowania w wielu wspaniałych miejscach.”ZAPISY:GAK Wyspa Skarbówul. Turystyczna 3Tel: 58 323 91 15e-mail: wyspaskarbow@gak.gda.pl','ZAJĘCIA INDYWIDUALNE I GRUPOWE6 - 99 LATJeśli chcesz nauczyć się śpiewu, zasad poprawnej dykcji, artykulacji, prawidłowego oddechu, świetnie trafiłeś! Na zajęciach dzieci w praktyce uczyć się będą:- prawidłowej emisji głosu i jakie s','2020-10-09 15:15:00','Wokalistyka - OD PAŹDZIERNIKA','2020-10-09 13:15:00','http://wyspaskarbow.gak.gda.pl',5,13,28),(55052,'1',NULL,'69','Teatr „Stokrotka” oraz Teatr „Alternatywa” Gdańskiego Archipelagu Kultury powstał w październiku 2010 roku z siedzibą w Dworku Artura.Zajęcia skupiają dzieci w dwóch grupach wiekowych 5 - 11 lat oraz 12 - 15 lat i są one kontynuacją działań realizowanych wcześniej w strukturach Teatru „Poza Tym” oraz „Teatru GAK”.Grupy prowadzi instruktor teatralny Pani Ewa Krawczyk, która pracuje od 16 lat w Gdańskim Archipelagu Kultury Gama, gdzie również organizuje różnego rodzaju imprezy oraz prowadzi grupy teatralne.Działania Teatru mają na swoim koncie wiele spektakli wystawianych w Gdańskim Archipelagu Kultury, ale również mają udział w festiwalach teatralnych w Niemczech - Bremen w 2005 -2007-2011 roku na zaproszenie Theater 62 Bremen.Głównym celem zajęć jest tworzenie teatru poprzez zabawę.Teatr w życiu dzieci, jest bardzo ważnym elementem wspomagającym rozwój osobowości, aktywności, twórczości młodego człowieka, a także uczy współpracy w zespole.Uczestnicy zajęć będą mogli sprawdzić i rozwijać swoje umiejętności aktorskie, literackie , plastyczne, wokalne, taneczne oraz organizacyjne.Ukoronowaniem pracy dzieci będzie premiera spektaklu przygotowywana w ramach zajęć teatralnych.','Teatr „Stokrotka” oraz Teatr „Alternatywa” Gdańskiego Archipelagu Kultury powstał w październiku 2010 roku z siedzibą w Dworku Artura.Zajęcia skupiają dzieci w dwóch grupach wiekowych 5 - 11 lat oraz 12 - 15 lat i są one kontynuacją ...','2020-10-09 18:00:00','Teatr „Stokrotka” dla dzieci','2020-10-09 16:00:00','http://stacjaorunia.weebly.com',5,8,29),(48716,'1',NULL,'83','RYSUNEK I MALARSTWO - prowadząca Grażyna KunickaStudia na Państwowej w Państwowej Wyższej Szkole Sztuk Plastycznych (ASP) w Gdańsku na wydziale Malarstwa i Grafiki w pracowni prof. K. Berezińskiego. Dyplom w 1987 r.Uprawia malarstwo, ceramikę i ilustrację książkową.Jest kuratorką wystaw, animatorką kultury, wykładowcą na studiach podyplomowych, liderką i współautorką scenariuszy międzynarodowych projektów unijnych, uczestniczką plenerów, sympozjów międzynarodowych i społecznych akcji artystycznych organizowanych na rzecz miasta. ','RYSUNEK I MALARSTWO - prowadząca Grażyna KunickaStudia na Państwowej w Państwowej Wyższej Szkole Sztuk Plastycznych (ASP) w Gdańsku na wydziale Malarstwa i Grafiki w pracowni prof. K. Berezińskiego. Dyplom w 1987 r.Uprawia malarstwo, ceramikę...','2020-10-09 19:00:00','Rysunek i Malarstwo // młodzież i dorośli','2020-10-09 17:00:00','http://stacjaorunia.weebly.com',5,8,30),(72647,'1',NULL,'51','ZAJĘCIA GRUPOWEDLA DOROSŁYCHPracownia  działająca od 2005 r. ma na celu kształcenie uczestników w dziedzinie poszukiwania równowagi pomiędzy formą, barwą i fakturą w ceramice. Program Pracowni kładzie duży nacisk, aby  uczestniczki zajęć nie traktowały swoich inspiracji dosłownie. Jest czas na dokładne przemyślenia, konsultacje, a następnie jak najkorzystniejsze dobranie barw oraz faktur do charakteru wykonywanych prac. Wykorzystując studyjne i alternatywne metody technologiczne. Pracownia wciąż poszukuje nowych efektów i środków wyrazu artystycznego. „Wyspiarski” klimat (dostępność morza, Wisły, rezerwatów przyrody) bezpośrednio oddziałuje na uczestniczki zajęć, inspirując je do podejmowania oraz realizacji tematów związanych z naturą.ZAJĘCIA GRUPOWE:・ Wiek: dorośli・ Cena: 30 zł – 1 zajęcia, 100 zł – miesiąc・ Częstotliwość: 1 raz w tygodniu, 180 minutILOŚĆ MIEJSC OGRANICZONA!INSTRUKTORKrystyna Andrzejewska Marek, ukończyła rzeźbę, po czym skoncentrowała się na ceramice pod mistrzowskim okiem profesora Henryka Luli. Swoją twórczość nierozerwalnie łączy z dyscypliną ceramiki artystycznej, wzbogacając ją o fotografie, alternatywne metody wypalania ceramiki oraz warsztaty. Brała udział w wielu wystawach, plenerach, sympozjach i konferencjach w kraju  i za granicą. ZAPISY:GAK Wyspa Skarbówul. Turystyczna 3Tel: 58 323 91 15e-mail: wyspaskarbow@gak.gda.pl','ZAJĘCIA GRUPOWEDLA DOROSŁYCHPracownia  działająca od 2005 r. ma na celu kształcenie uczestników w dziedzinie poszukiwania równowagi pomiędzy formą, barwą i fakturą w ceramice. Program Pracowni kładzie duży nacisk, aby  uczestniczki zaj...','2020-10-09 19:00:00','Ceramika i rzeźba ceramiczna - OD PAŹDZIERNIKA','2020-10-09 17:00:00','http://wyspaskarbow.gak.gda.pl',5,13,31),(73039,'1','http://www.teatrminiatura.pl/media/repertoire/prica1.jpeg','19','reżyseria: Ivica Šimićscenografia i kukiełki: Dunja Niemčić, Anina Lasta, Robert Budor, Valentina Supanz Marinić i Neda Vukovićzdjęcia: Irena Sinkovićtekst: Ivica Šimić / Buga Marija Šimić','reżyseria: Ivica Šimićscenografia i kukiełki: Dunja Niemčić, Anina Lasta, Robert Budor, Valentina Supanz Marinić i Neda Vukovićzdjęcia: Irena Sinkovićtekst: Ivica Šimić / Buga Marija Šimić','2020-10-11 13:00:00','Bajka o obłoczku','2020-10-11 11:00:00','http://www.teatrminiatura.pl/pl/repertuar/detail/708/bajka-o-obloczku/',2,1,32),(72509,'1','events/eventthumb_5f58d8fbdf765.png','19','Opera na start to zajęcia muzyczno-ruchowe dla najmłodszych. Dzieci wraz z rodzicami uczestniczą w zabawach, podczas których kreatywnie spędzają czas i mogą czerpać inspirację do dalszych muzycznych przygód. Zajęcia prowadzą artyści Chóru, Orkiestry, Baletu oraz soliści współpracujący z Operą Bałtycką. + słuchanie i wykonywanie muzyki uspokaja nerwy i napięte mięśnie oraz dodaje energii; + muzyka stymuluje rozwój ośrodkowego układu nerwowego oraz oddziałuje na mózg, czyli wspiera etapy szczególnie ważne w pierwszych latach życia; + dźwięki i rytmy są naturalnym środowiskiem do zabawy, co sprzyja rozwojowi koordynacji ruchowej i gwarantuje radosną atmosferę; + słuchanie muzyki pobudza i rozwija słuch, pomaga w ćwiczeniu koncentracji i pamięci. Wrażliwe ucho więcej usłyszy i lepiej odnajdzie się w przestrzeni; + muzyka uruchamia wyobraźnię, kreatywność, spontaniczność u młodszych i starszych; + wspólne zabawy z dziećmi to okazja do zaprzyjaźnienia ich z muzyką już od wczesnych lat, by później samodzielnie i chętnie po nią sięgały; + czas z rówieśnikami to świetna zabawa, a poprzez zabawę dzieci uczą się najwięcej; + po wspólnych zajęciach w Operze można zabrać ze sobą do domu dobrą energię i czerpać z niej aż do kolejnego spotkania.','Opera na start to zajęcia muzyczno-ruchowe dla najmłodszych. Dzieci wraz z rodzicami uczestniczą w zabawach, podczas których kreatywnie spędzają czas i mogą czerpać inspirację do dalszych muzycznych przygód. Zajęcia prowadzą artyści Opery Bałtyckiej.','2020-10-11 11:40:00','OPERA NA START','2020-10-11 11:00:00','http://operabaltycka.pl/pl/repertuar/opera-na-start/2020-10-11',11,35,33),(60579,'1','http://kalendarz.sopot.pl//images/S1f9f8s9A090k185n543J0m819U0n634.jpg','77','Cykliczna impreza, odbywająca się na Stadionie Leśnym w Sopocie, skierowana do mieszkańców Sopotu. Podczas Pikniku płyta stadionu zmienia się w 3-4 strefy (sportową, zdrowotną, rozrywkową i gastronomiczną). Łącznie na mieszkańców czeka około 12-15 atrakcji podzielonych tematycznie, jednym słowem dla każdego coś fajnego. Strefy: Artystyczna: ognisko, muzyka na żywo, food-trucki, grill itp.\nSportowa: tyczka dla każdego, miasteczko lekkoatletyczne, unihokej, badminton, siatkówka, koszykówka\nRekreacyjna: wielka dmuchana zjeżdżalnia, trampolina, tor przeszkód, pokazy parkour, strzelnica itp. Na festyn zaprasza SOPOCKI KLUB LEKKOATLETYCZNY','Cykliczna impreza, odbywająca się na Stadionie Leśnym w Sopocie, skierowana do mieszkańców Sopotu. Podczas Pikniku płyta stadionu zmienia się w 3-4 strefy (sportową, zdrowotną, rozrywkową i gastronomiczną). Łącznie na mieszkańców czeka...','2020-10-11 16:00:00','Piknik Rodzinny - Wielkie sąsiedzkie Grillowanie','2020-10-11 11:00:00','http://kalendarz.sopot.pl/kalendarz/szczegoly/4041/piknik-rodzinny-wielkie-sasiedzkie-grillowanie.html',255,2623,34),(72510,'1','events/eventthumb_5f58d95a77d59.png','19','Opera na start to zajęcia muzyczno-ruchowe dla najmłodszych. Dzieci wraz z rodzicami uczestniczą w zabawach, podczas których kreatywnie spędzają czas i mogą czerpać inspirację do dalszych muzycznych przygód. Zajęcia prowadzą artyści Chóru, Orkiestry, Baletu oraz soliści współpracujący z Operą Bałtycką. + słuchanie i wykonywanie muzyki uspokaja nerwy i napięte mięśnie oraz dodaje energii; + muzyka stymuluje rozwój ośrodkowego układu nerwowego oraz oddziałuje na mózg, czyli wspiera etapy szczególnie ważne w pierwszych latach życia; + dźwięki i rytmy są naturalnym środowiskiem do zabawy, co sprzyja rozwojowi koordynacji ruchowej i gwarantuje radosną atmosferę; + słuchanie muzyki pobudza i rozwija słuch, pomaga w ćwiczeniu koncentracji i pamięci. Wrażliwe ucho więcej usłyszy i lepiej odnajdzie się w przestrzeni; + muzyka uruchamia wyobraźnię, kreatywność, spontaniczność u młodszych i starszych; + wspólne zabawy z dziećmi to okazja do zaprzyjaźnienia ich z muzyką już od wczesnych lat, by później samodzielnie i chętnie po nią sięgały; + czas z rówieśnikami to świetna zabawa, a poprzez zabawę dzieci uczą się najwięcej; + po wspólnych zajęciach w Operze można zabrać ze sobą do domu dobrą energię i czerpać z niej aż do kolejnego spotkania.','Opera na start to zajęcia muzyczno-ruchowe dla najmłodszych. Dzieci wraz z rodzicami uczestniczą w zabawach, podczas których kreatywnie spędzają czas i mogą czerpać inspirację do dalszych muzycznych przygód. Zajęcia prowadzą artyści Opery Bałtyckiej.','2020-10-11 13:40:00','OPERA NA START','2020-10-11 13:00:00','http://operabaltycka.pl/pl/repertuar/opera-na-start/2020-10-11',11,35,35),(73040,'1','http://www.teatrminiatura.pl/media/repertoire/prica1.jpeg','19','reżyseria: Ivica Šimićscenografia i kukiełki: Dunja Niemčić, Anina Lasta, Robert Budor, Valentina Supanz Marinić i Neda Vukovićzdjęcia: Irena Sinkovićtekst: Ivica Šimić / Buga Marija Šimić','reżyseria: Ivica Šimićscenografia i kukiełki: Dunja Niemčić, Anina Lasta, Robert Budor, Valentina Supanz Marinić i Neda Vukovićzdjęcia: Irena Sinkovićtekst: Ivica Šimić / Buga Marija Šimić','2020-10-11 17:00:00','Bajka o obłoczku','2020-10-11 15:00:00','http://www.teatrminiatura.pl/pl/repertuar/detail/708/bajka-o-obloczku/',2,1,36),(73050,'1',NULL,'19','TO, CZEGO BRAKUJE, Tomislav ZajecCzas trwania: 45 minReżyseria: Piotr BiedrońPrzekład: Ewa Wróblewska-TrochimiukWystępują studenci Państwowego Studium Wokalno-Aktorskiego im. D. Baduszkowej w Gdyni: Magdalena Kowalska, Klara Kaszkowiak, Adrianna Kos, Kinga Kęsicka, Jakub Cendrowski, Nikodem Bogdański, Patryk Bartoszewicz, Igor Teodorowicz, Piotr Sadkowski Lotnisko, poczekalnia. Podróżni czekają na odlot. W poczekalni jest również Mężczyzna. Naprzeciwko niego, na sąsiedniej ławce, siedzi Pracownik Humanitarny, na kolanach ma laptop, wydaje się pochłonięty tym, co robi. Mężczyzna przygląda mu się uporczywie. W pewnym momencie wchodzi Ikebana. Jest w roboczym ubraniu sprzątaczki, przed sobą pcha wózek z przyborami do sprzątania. Ikebana podchodzi do zamkniętych drzwi i próbuje je otworzyć, bez skutku. Szuka kluczy w kieszeni fartucha, ale wygląda na to, że nie może znaleźć właściwego. Mężczyzna dalej przygląda się Pracownikowi Humanitarnemu. Następnie nabiera odwagi...Tomislav Zajec urodził się w 1972 roku w Zagrzebiu, tam też ukończył Akademię Sztuki Dramatu, w której obecnie pracuje jako wykładowca. Związany jest zarówno z teatrem, filmem, telewizją,jak i literaturą. Swą karierę artystyczną rozpoczął od pisania tekstów poetyckich. Najbardziej ceniony jest natomiast za swoje utwory dramatyczne i scenariusze filmowe, za które był wielokrotnie wyróżniany. Dorobek pisarskiZajca obejmuje również cztery powieści, w tym „Lunapark”, przetłumaczonyna język polski.','TO, CZEGO BRAKUJE, Tomislav ZajecCzas trwania: 45 minReżyseria: Piotr BiedrońPrzekład: Ewa Wróblewska-TrochimiukWystępują studenci Państwowego Studium Wokalno-Aktorskiego im. D. Baduszkowej w Gdyni: Magdalena Kowalska, Klara Kaszkowiak, Adrian...','2020-10-11 18:00:00','TO, CZEGO BRAKUJE | czytanie performatywne | Tydzień Chorwacki','2020-10-11 16:00:00','https://teatrszekspirowski.pl/wydarzenia/to-czego-brakuje-czytanie-performatywne-tydzien-chorwacki/',56,235,37),(73057,'1',NULL,'96','Gminne Centrum Kultury, Sportu i Rekreacji w Szemudzie zaprasza na  GALĘ  III Szemudzkich Dni Dziedzictwa Kulturowego - SZEMUD 2020. Wstęp tylko z zaproszeniami [caption id=\"attachment_78042\" align=\"alignnone\" width=\"1320\"] Cyganka - Bożena Frąckowiak i Cycero - Jerzy Rzepka[/caption] [caption id=\"attachment_78047\" align=\"alignnone\" width=\"1222\"] Rafał Piastowski i Jerzy Rzepka[/caption] [caption id=\"attachment_78054\" align=\"alignnone\" width=\"1968\"] Rafał Piastowski i Jerzy Rzepka[/caption] &nbsp;','Gminne Centrum Kultury, Sportu i Rekreacji w Szemudzie zaprasza na  GALĘ  III Szemudzkich Dni Dziedzictwa Kulturowego - SZEMUD 2020. Wstęp tylko z zaproszeniami [caption id=\"attachment_78042\" align=\"alignnone\" width=\"1320\"] Cyganka - Boż...','2020-10-11 18:00:00','GALA III Szemudzkich Dni Dziedzictwa Kulturowego - SZEMUD 2020','2020-10-11 16:00:00','http://gcksir.szemud.pl/?p=80321',68,1868,38),(72809,'1',NULL,'35','ZAJĘCIA INDYWIDUALNE I GRUPOWE6 - 99 LATPROFIL ROZRYWKOWY - DLA POCZĄTKUJĄCYCHZAJĘCIA INDYWIDUALNE (1 raz w tygodniu):・ Wiek: dzieci 6+ i dorośli・ Cena: 70 zł – 1 zajęcia, 170 zł – miesiąc・ Częstotliwość: 1 raz w tygodniu, 45 minutZAJĘCIA INDYWIDUALNE (2 razy w tygodniu):・ Wiek: dzieci 6+ i dorośli・ Cena: 70 zł – 1 zajęcia, 280 zł – miesiąc・ Częstotliwość: 2 razy w tygodniu, 45 minutZAPISY:GAK Wyspa Skarbówul. Turystyczna 3Tel: 58 323 91 15e-mail: wyspaskarbow@gak.gda.pl','ZAJĘCIA INDYWIDUALNE I GRUPOWE6 - 99 LATPROFIL ROZRYWKOWY - DLA POCZĄTKUJĄCYCHZAJĘCIA INDYWIDUALNE (1 raz w tygodniu):・ Wiek: dzieci 6+ i dorośli・ Cena: 70 zł – 1 zajęcia, 170 zł – miesiąc・ Częstotliwość: 1 raz w tygodniu, 45 mi...','2020-10-12 14:00:00','Pianino - profil rozrywkowy - OD PAŹDZERNIKA','2020-10-12 12:00:00','http://wyspaskarbow.gak.gda.pl',5,13,39),(56281,'1',NULL,'83','CERAMIKA - prowadząca Grażyna KunickaStudia na Państwowej w Państwowej Wyższej Szkole Sztuk Plastycznych (ASP) w Gdańsku na wydziale Malarstwa i Grafiki w pracowni prof. K. Berezińskiego. Dyplom w 1987 r.Uprawia malarstwo, ceramikę i ilustrację książkową.Jest kuratorką wystaw, animatorką kultury, wykładowcą na studiach podyplomowych, liderką i współautorką scenariuszy międzynarodowych projektów unijnych, uczestniczką plenerów, sympozjów międzynarodowych i społecznych akcji artystycznych organizowanych na rzecz miasta.Zajęcia dla dzieci w wieku od 5 latPodstawy technologii ceramiki, tworzenie przestrzennych i płaskich form ceramicznych. Podczas zajęć projektujemy, lepimy, szkliwimy i wypalamy w piecu ceramicznym.','CERAMIKA - prowadząca Grażyna KunickaStudia na Państwowej w Państwowej Wyższej Szkole Sztuk Plastycznych (ASP) w Gdańsku na wydziale Malarstwa i Grafiki w pracowni prof. K. Berezińskiego. Dyplom w 1987 r.Uprawia malarstwo, ceramikę i ilustrac...','2020-10-12 18:30:00','Ceramika // dorośli','2020-10-12 16:30:00','http://stacjaorunia.weebly.com',5,8,40),(47971,'1',NULL,'83','KARATE - prowadzący Jerzy GuttkowskiInstruktor samoobrony. Od 35 lat posiadacz 6 Dan w Karate Shotokan. Świadomy tego, iż dopiero po takim czasie posiadł wystarczającą wiedzę , aby przekazywać ją innym.Pierwsze kroki stawiał na polskim gruncie, następnie liczne wjazdy na seminaria i egzaminy oraz kontakty z takimi mistrzami jak: H. NISHIYAMA, H. OCHI, K.ENOEDA, H.SHIRAI, I.JORGA.  ','KARATE - prowadzący Jerzy GuttkowskiInstruktor samoobrony. Od 35 lat posiadacz 6 Dan w Karate Shotokan. Świadomy tego, iż dopiero po takim czasie posiadł wystarczającą wiedzę , aby przekazywać ją innym.Pierwsze kroki stawiał na polskim grun...','2020-10-12 19:00:00','Karate Shotokan // dzieci','2020-10-12 17:00:00','http://stacjaorunia.weebly.com',5,8,41),(53314,'1',NULL,'83','CERAMIKA - prowadząca Grażyna KunickaStudia na Państwowej w Państwowej Wyższej Szkole Sztuk Plastycznych (ASP) w Gdańsku na wydziale Malarstwa i Grafiki w pracowni prof. K. Berezińskiego. Dyplom w 1987 r.Uprawia malarstwo, ceramikę i ilustrację książkową.Jest kuratorką wystaw, animatorką kultury, wykładowcą na studiach podyplomowych, liderką i współautorką scenariuszy międzynarodowych projektów unijnych, uczestniczką plenerów, sympozjów międzynarodowych i społecznych akcji artystycznych organizowanych na rzecz miasta.Zajęcia dla dzieci w wieku od 5 latPodstawy technologii ceramiki, tworzenie przestrzennych i płaskich form ceramicznych. Podczas zajęć projektujemy, lepimy, szkliwimy i wypalamy w piecu ceramicznym.','CERAMIKA - prowadząca Grażyna KunickaStudia na Państwowej w Państwowej Wyższej Szkole Sztuk Plastycznych (ASP) w Gdańsku na wydziale Malarstwa i Grafiki w pracowni prof. K. Berezińskiego. Dyplom w 1987 r.Uprawia malarstwo, ceramikę i ilustrac...','2020-10-12 19:00:00','Ceramika // dorośli','2020-10-12 17:00:00','http://stacjaorunia.weebly.com',5,8,42),(73058,'1',NULL,'96','Wójt Gminy Szemud serdecznie zaprasza przedsiębiorców na spotkanie do Centrum Sportowego w Kielnie, Początek spotkania o godzinie 17,00','Wójt Gminy Szemud serdecznie zaprasza przedsiębiorców na spotkanie do Centrum Sportowego w Kielnie, Początek spotkania o godzinie 17,00','2020-10-12 19:00:00','Spotkanie z przedsiębiorcami','2020-10-12 17:00:00','http://gcksir.szemud.pl/?p=80368',68,3011,43),(48120,'1',NULL,'83','KARATE - prowadzący Jerzy GuttkowskiInstruktor samoobrony. Od 35 lat posiadacz 6 Dan w Karate Shotokan. Świadomy tego, iż dopiero po takim czasie posiadł wystarczającą wiedzę , aby przekazywać ją innym.Pierwsze kroki stawiał na polskim gruncie, następnie liczne wjazdy na seminaria i egzaminy oraz kontakty z takimi mistrzami jak: H. NISHIYAMA, H. OCHI, K.ENOEDA, H.SHIRAI, I.JORGA.  ','KARATE - prowadzący Jerzy GuttkowskiInstruktor samoobrony. Od 35 lat posiadacz 6 Dan w Karate Shotokan. Świadomy tego, iż dopiero po takim czasie posiadł wystarczającą wiedzę , aby przekazywać ją innym.Pierwsze kroki stawiał na polskim grun...','2020-10-12 20:00:00','Karate Shotokan // dorośli i młodzież','2020-10-12 18:00:00','http://stacjaorunia.weebly.com',5,8,44),(48567,'1',NULL,'83','CERAMIKA - prowadząca Grażyna KunickaStudia na Państwowej w Państwowej Wyższej Szkole Sztuk Plastycznych (ASP) w Gdańsku na wydziale Malarstwa i Grafiki w pracowni prof. K. Berezińskiego. Dyplom w 1987 r.Uprawia malarstwo, ceramikę i ilustrację książkową.Jest kuratorką wystaw, animatorką kultury, wykładowcą na studiach podyplomowych, liderką i współautorką scenariuszy międzynarodowych projektów unijnych, uczestniczką plenerów, sympozjów międzynarodowych i społecznych akcji artystycznych organizowanych na rzecz miasta.Zajęcia dla dzieci w wieku od 5 latPodstawy technologii ceramiki, tworzenie przestrzennych i płaskich form ceramicznych. Podczas zajęć projektujemy, lepimy, szkliwimy i wypalamy w piecu ceramicznym.','CERAMIKA - prowadząca Grażyna KunickaStudia na Państwowej w Państwowej Wyższej Szkole Sztuk Plastycznych (ASP) w Gdańsku na wydziale Malarstwa i Grafiki w pracowni prof. K. Berezińskiego. Dyplom w 1987 r.Uprawia malarstwo, ceramikę i ilustrac...','2020-10-12 20:00:00','Ceramika // dorośli','2020-10-12 18:00:00','http://stacjaorunia.weebly.com',5,8,45),(51538,'1',NULL,'83','Combat Self Defense Samoobrona dla KobietZajęcia dla dorosłychSystem Dźwigni Obezwładniających stosowany w zagrożeniu życia i zdrowia ludzkiegoNauka koncentracji, poprawa sprawności fizycznej, opanowanie emocji w sytuacji zagrożenia.','Combat Self Defense Samoobrona dla KobietZajęcia dla dorosłychSystem Dźwigni Obezwładniających stosowany w zagrożeniu życia i zdrowia ludzkiegoNauka koncentracji, poprawa sprawności fizycznej, opanowanie emocji w sytuacji zagrożenia.','2020-10-12 21:15:00','Combat Self Defense Samoobrona dla Kobiet','2020-10-12 19:15:00','http://stacjaorunia.weebly.com',5,8,46),(48269,'1',NULL,'83','PLASTYKA - prowadząca Renata NowakAbsolwentka Akademii Sztuk Pięknych w Gdańsku na Wydziale Grafiki.Głównym tworzywem jej pracy jest rysunek, ilustracja i fotografia metodą camera obscura.Zajmuje się też projektowaniem graficznym.Wystawia w kraju i za granicą.Indywidualna wystawa Ilustracji w Galerii Ciasna w Jastrzębiu Zdroju 2016Laureatka wielu nagród i wyróżnień.Nagroda Prezydenta Gdańska w dziedzinie kultury 2014Jej prace znajdują się w Muzeum Sztuki Współczesnej Tajwan, Katalonia, Pekin i w zbiorach prywatnych Polska, Francja, Niemcy, Anglia  ','PLASTYKA - prowadząca Renata NowakAbsolwentka Akademii Sztuk Pięknych w Gdańsku na Wydziale Grafiki.Głównym tworzywem jej pracy jest rysunek, ilustracja i fotografia metodą camera obscura.Zajmuje się też projektowaniem graficznym.Wystawia w k...','2020-10-13 18:00:00','Plastyka // Dzieci','2020-10-13 16:00:00','http://stacjaorunia.weebly.com',5,8,47),(72488,'1','events/eventthumb_5f57397a4cf06.png','35','Kompozytorzy czerpią inspirację z kontemplacji rozgwieżdżonego nieba, a za pomocą dźwięków oddają powagę, majestat i ogrom przestrzeni kosmicznej, w której zawieszona jest nasza mała niebieska planeta. Gwiazdy inspirowały nie tylko twórców dawnych epok, ale także tych, którzy piszą muzykę dziś. Zaglądamy w najodleglejsze rejony muzyki, aby poznać odpowiedzi na temat Wszechświata i nas samych. Czego dowiesz się z webinarium? - Co łączy muzykę klasyczną z astronomią? - Jak słuchać muzyki w świetle księżyca? - Jak skutecznie oswoić lęk przed burzą? - Czy instrumenty astronoma i instrumenty muzyczne należą do jednej rodziny? Gość specjalny: Przemysław Rudź - popularyzator astronomii, pracownik Departamentu Edukacji Polskiej Agencji Kosmicznej Terminy: 08 października 2020 r. - godzina 16:00 lub 18:00 13 października 2020 r. - godzina 16:00 lub 18:00','Kosmoteka - darmowe muzyczne webinaria dla dzieci i młodzieży','2020-10-13 17:00:00','Kosmoteka - darmowe muzyczne webinaria dla dzieci i młodzieży','2020-10-13 16:00:00','https://dkm.amberton.pl',421,3022,48),(48418,'1',NULL,'83','CERAMIKA - prowadząca Grażyna KunickaStudia na Państwowej w Państwowej Wyższej Szkole Sztuk Plastycznych (ASP) w Gdańsku na wydziale Malarstwa i Grafiki w pracowni prof. K. Berezińskiego. Dyplom w 1987 r.Uprawia malarstwo, ceramikę i ilustrację książkową.Jest kuratorką wystaw, animatorką kultury, wykładowcą na studiach podyplomowych, liderką i współautorką scenariuszy międzynarodowych projektów unijnych, uczestniczką plenerów, sympozjów międzynarodowych i społecznych akcji artystycznych organizowanych na rzecz miasta.Zajęcia dla dzieci w wieku od 5 latPodstawy technologii ceramiki, tworzenie przestrzennych i płaskich form ceramicznych. Podczas zajęć projektujemy, lepimy, szkliwimy i wypalamy w piecu ceramicznym.  ','CERAMIKA - prowadząca Grażyna KunickaStudia na Państwowej w Państwowej Wyższej Szkole Sztuk Plastycznych (ASP) w Gdańsku na wydziale Malarstwa i Grafiki w pracowni prof. K. Berezińskiego. Dyplom w 1987 r.Uprawia malarstwo, ceramikę i ilustrac...','2020-10-13 18:30:00','Ceramika // dzieci','2020-10-13 16:30:00','http://stacjaorunia.weebly.com',5,8,49),(73043,'1','events/eventthumb_5f6dc08ec876e.png','83','W związku z sytuacją epidemiczną (strefa czerwona) wszystkie imprezy z udziałem publiczności w Dworku Sierakowskich zostają ZAWIESZONE DO ODWOŁANIA! Zapraszamy na stronę internetową TPS i profil FB na wydarzenia ONLINE. Dostęp bezpłatny. www.tps-dworek.pl, FB:\\ Towarzystwo Przyjaciół Sopotu Towarzystwo Przyjaciół Sopotu wraz z Gminą Miasta Sopotu zapraszają na kolejne spotkania w ramach projektu Dom Sąsiedzki. Prawo w życiu codziennym to kontynuacja prelekcji prawnych, które będą dotyczyły spraw spotykanych w naszym życiu na co dzień. Uczestnicy dowiedzą się m.in. jak sporządzić testament, kto dziedziczy w przypadku jego braku, jak skutecznie wydziedziczyć spadkobiercę, jak nie przejąć długów spadkowych, jak przekazać mieszkanie itp. Prelekcje prowadzone są przez notariusza i wieloletniego wykładowcę Uniwersytetu Trzeciego Wieku. Wstęp wolny Zapraszamy! Poniżej prezentujemy szczegółowy harmonogram zajęć w edycji jesiennej. Zapraszamy do zapoznania się z tematyką i terminami. PRAWO W ŻYCIU CODZIENNYM Spotkania odbywają się we wtorki o godz. 17.00 w następujących terminach: 13.10.2020 „Testamenty, zachowek, wydziedziczenie” 27.10.2020 „Postępowania spadkowe” 10.11.2020 „Dziedziczenie nieruchomości, spółdzielczych praw do lokalu” Prosimy o zapoznanie się z regulaminem uczestnictwa w wydarzeniach w Dworku Sierakowskich dostępnym na stronie organizatora. W związku z obowiązującymi limitami na poszczególne wydarzenia mogą obowiązywać wejściówki. Prosimy o śledzenie informacji na stronie internetowej (www.tps.dworek.pl ) i profilu FB: \\Towarzystwo Przyjaciół Sopotu.','PRAWO W ŻYCIU CODZIENNYM [wtorki o godz. 17.00 w Dworku, w następujących terminach]: 13.10.2020 „Testamenty, zachowek, wydziedziczenie” 27.10.2020 „Postępowania spadkowe” 10.11.2020 „Dziedziczenie nieruchomości, spółdzielczych praw do lokalu”','2020-11-10 17:00:00','Prelekcje „Prawo w życiu codziennym” | Domy Sąsiedzkie | jesień 2020 ZAWIESZONE DO ODWOŁANIA','2020-10-13 17:00:00','https://tps-dworek.pl/prelekcje-prawo-w-zyciu-codziennym-domy-sasiedzkie-jesien-2020/',61,2240,50),(56165,'1',NULL,'83','CERAMIKA - prowadząca Grażyna KunickaStudia na Państwowej w Państwowej Wyższej Szkole Sztuk Plastycznych (ASP) w Gdańsku na wydziale Malarstwa i Grafiki w pracowni prof. K. Berezińskiego. Dyplom w 1987 r.Uprawia malarstwo, ceramikę i ilustrację książkową.Jest kuratorką wystaw, animatorką kultury, wykładowcą na studiach podyplomowych, liderką i współautorką scenariuszy międzynarodowych projektów unijnych, uczestniczką plenerów, sympozjów międzynarodowych i społecznych akcji artystycznych organizowanych na rzecz miasta.Zajęcia dla dzieci w wieku od 5 latPodstawy technologii ceramiki, tworzenie przestrzennych i płaskich form ceramicznych. Podczas zajęć projektujemy, lepimy, szkliwimy i wypalamy w piecu ceramicznym.  ','CERAMIKA - prowadząca Grażyna KunickaStudia na Państwowej w Państwowej Wyższej Szkole Sztuk Plastycznych (ASP) w Gdańsku na wydziale Malarstwa i Grafiki w pracowni prof. K. Berezińskiego. Dyplom w 1987 r.Uprawia malarstwo, ceramikę i ilustrac...','2020-10-13 19:15:00','Ceramika // dzieci','2020-10-13 17:15:00','http://stacjaorunia.weebly.com',5,8,51),(72489,'1','events/eventthumb_5f573a3405a51.png','35','Kompozytorzy czerpią inspirację z kontemplacji rozgwieżdżonego nieba, a za pomocą dźwięków oddają powagę, majestat i ogrom przestrzeni kosmicznej, w której zawieszona jest nasza mała niebieska planeta. Gwiazdy inspirowały nie tylko twórców dawnych epok, ale także tych, którzy piszą muzykę dziś. Zaglądamy w najodleglejsze rejony muzyki, aby poznać odpowiedzi na temat Wszechświata i nas samych. Czego dowiesz się z webinarium? - Co łączy muzykę klasyczną z astronomią? - Jak słuchać muzyki w świetle księżyca? - Jak skutecznie oswoić lęk przed burzą? - Czy instrumenty astronoma i instrumenty muzyczne należą do jednej rodziny? Gość specjalny: Przemysław Rudź - popularyzator astronomii, pracownik Departamentu Edukacji Polskiej Agencji Kosmicznej Terminy: 08 października 2020 r. - godzina 16:00 lub 18:00 13 października 2020 r. - godzina 16:00 lub 18:00','Kosmoteka - darmowe muzyczne webinaria dla dzieci i młodzieży','2020-10-13 19:00:00','Kosmoteka - darmowe muzyczne webinaria dla dzieci i młodzieży','2020-10-13 18:00:00','https://dkm.amberton.pl',421,3022,52),(73051,'1',NULL,'19','SPOTKANIE, Nina MitrovićCzas trwania: 45 minReżyseria: Maciej Konopiński,Przekład: Janusz SzablewskiWystępują: Jerzy Gorzko i Michał JarosMuzyka na żywo: Tymon TymańskiWizualizacje przygotuje Filip Ignatowicz Małe mieszkanie. Skromnie urządzone. Pewnego dnia pod wieczór. Odwiedziny.I kilka uwag: Nie ma didaskaliów. Nie są potrzebne. Ludzie zachowująsię normalnie,  jak to w odwiedzinach. Rozmawiają. Piją. Palą. Przechadzają się. Patrzą na siebie.  Albo nie patrzą. Wstają. Chodzą. Siadają. I znowu wstają. Zdejmują płaszcz, gdy wchodzą. Wychodzą do toalety. Patrzą przezokno. Robią zwykłe drobne rzeczy.Rozmowa toczy się bez przerw, bezpodkreślania ważnych momentów\\;  ma swój rytm, który z całą pewnością niejest powolny.Komunikacja jest niemożliwa, stoi na krawędzi konfliktu, ale właściwy wybuch nie następuje. Są emocje, ale głęboko ukryte, nie mogą się wydostać na zewnątrz. Nina Mitrović (1978) jest chorwackim dramaturgiem i reżyserem teatralnym. Ukończyła Akademię Sztuk Dramatycznych w Zagrzebiu. Jest autorką wielu sztuk teatralnych, a także scenariuszy radiowych oraz filmów dokumentalnych.','SPOTKANIE, Nina MitrovićCzas trwania: 45 minReżyseria: Maciej Konopiński,Przekład: Janusz SzablewskiWystępują: Jerzy Gorzko i Michał JarosMuzyka na żywo: Tymon TymańskiWizualizacje przygotuje Filip Ignatowicz Małe mieszkanie. Skromnie urz','2020-10-13 21:00:00','SPOTKANIE | czytanie performatywne | Tydzień Chorwacki','2020-10-13 19:00:00','https://teatrszekspirowski.pl/wydarzenia/spotkanie-czytanie-performatywne-tydzien-chorwacki/',56,235,53),(72731,'1',NULL,'77','ZAJĘCIA GRUPOWEdla kobiet 50 +Zajęcia prozdrowotne i uelastyczniające dla kobiet 50+.ZAJĘCIA GRUPOWE 1 raz w tyg. :・ Wiek: dorośli i seniorzy・ Cena: 20 zł – 1 zajęcia, 70 zł – miesiąc・ Częstotliwość: 1 raz w tygodniu, 60 minutZAJĘCIA GRUPOWE 2 razy w tyg. :・ Wiek: dorośli i seniorzy・ Cena: 20 zł – 1 zajęcia, 120 zł – miesiąc・ Częstotliwość: 2 razy w tygodniu, 60 minutILOŚĆ MIEJSC OGRANICZONA!INSTRUKTOR:Ola Kloska. Z tańcem związana od 7 roku życia, uczestniczka wielu kursów i warsztatów tanecznych - początkowo tańce towarzyskie, narodowe. W 2005 roku poznała reggaeton, najpierw jako styl muzyczny, a trzy lata później na parkiecie. Miłość do reggaetonu przerodziła się w zainteresowanie kulturą krajów Ameryki Środkowej i Południowej i poznawanie innych stylów: salsa, bachata, dancehall, a także sexy dance, afro dance czy hip-hop. Program ZUMBA®FITNESS odkryła w 2010 roku. Połączenie tańca, fitnessu i gorących rytmów stało się jej największą pasją i sposobem na życie. Od kwietnia 2013 roku jest licencjonowaną instruktorką ZUMBA®FITNESS. Swoją pasją pragnie zarażać innych, pokazując jednocześnie, że trening nie musi być nudny, a ćwicząc możemy poczuć się jak na imprezie :)Zapisy:GAK Wyspa Skarbówul. Turystyczna 3Tel: 58 323 91 15e-mail: wyspaskarbow@gak.gda.pl','ZAJĘCIA GRUPOWEdla kobiet 50 +Zajęcia prozdrowotne i uelastyczniające dla kobiet 50+.ZAJĘCIA GRUPOWE 1 raz w tyg. :・ Wiek: dorośli i seniorzy・ Cena: 20 zł – 1 zajęcia, 70 zł – miesiąc・ Częstotliwość: 1 raz w tygodniu, 60 minutZA...','2020-10-14 11:05:00','Gimnastyka prozdrowotna - OD PAŹDZIERNIKA','2020-10-14 09:05:00','http://wyspaskarbow.gak.gda.pl',5,13,54),(49214,'1',NULL,'83','NAUKA GRY NA PERKUSJI - prowadzący Jacek ReznerNa perkusji gra od 15 roku życia.Koncertował m.in. w Newcastle, Liverpoolu, Kampen, Bergen, Berlinie, Rydze, Lipawie, Tatru, Valmierze, Pradze, Ostrawie.Występował na Festiwalach: Liverpool International Festival Of Psychedelia 2016, Soundrive 2015, Offestiwal 2015, Spacefest 2014, Jazz Jantar 2014, Magnetofon 2013Uczestnik warsztatów w ramach wymiany Stage Europe Network we Francji prowadzonych przez znanego francuskiego perkusistę Laurenta Piacentino.Współpracował z zespołem Enchanted Hunters podczas tworzenia muzyki do filmu „Małe stłuczki”.Na co dzień pracownik Stacji Orunia GAK.Zajęcia skierowane do osób lubiących rytm, pragnących rozpocząć przygodę z grą na perkusji, jak również do tych o wyższym poziomie wtajemniczenia.W programie zajęć:Zaznajomienie z instrumentem – przedstawienie szczegółowo elementów składających się na perkusje oraz przedstawienie historii instrumentu. Zapoznanie z technikami gry na perkusji – właściwa technika ułożenia dłoni oraz pracy nadgarstkami. Praca nad właściwym wydobywaniem dźwięków. Zachowanie prawidłowej postawy podczas gry na instrumencie. Stopniowanie dynamiki podczas gry. Kształtowanie samodzielnej pracy nad instrumentem oraz rozwijanie i kształcenie wyobraźni artystycznej. ','NAUKA GRY NA PERKUSJI - prowadzący Jacek ReznerNa perkusji gra od 15 roku życia.Koncertował m.in. w Newcastle, Liverpoolu, Kampen, Bergen, Berlinie, Rydze, Lipawie, Tatru, Valmierze, Pradze, Ostrawie.Występował na Festiwalach: Liverpool Interna...','2020-10-14 14:00:00','Nauka gry na perkusji // Młodzież i dorośli','2020-10-14 12:00:00','http://stacjaorunia.weebly.com',5,8,55),(72608,'1',NULL,'35','ZAJĘCIA INDYWIDUALNE I GRUPOWE6 - 99 LATNa zajęciach wprowadzimy Was w świat muzyki i dźwięków jakie tworzy instrument. Instruktor stara się uwrażliwić wychowanków na wszelkie otaczające nas dźwięki tworzone przez przyrodę, morze, zwierzęta i urządzenia. Poznacie nuty oraz otrzymacie narzędzia do rozwijania własnej twórczości muzycznej. Nauczycie się podstawowych technik gry na gitarze. (n.p. gra gam, gra appreggio, gra akordowa) oraz koordynacji rąk. Poczujecie jak pracować z muzyką i w jaki sposób o niej myśleć.ZAJĘCIA INDYWIDUALNE:・ Wiek: dzieci 6+ i dorośli・ Cena: 70 zł – 1 zajęcia, 170 zł – miesiąc・ Częstotliwość: 1 raz w tygodniu, 45 minutZAJĘCIA GRUPOWE:・ Wiek: dzieci 6+ i dorośli・ Cena: 70 zł – 1 zajęcia, 120 zł – miesiąc・ Częstotliwość: 1 raz w tygodniu, 45 minutILOŚĆ MIEJSC OGRANICZONA!INSTRUKTOR:Ireneusz Pestka - muzyk, gitarzysta, pedagog. Swoje umiejętności muzyczne zdobywał na uczelniach: słupskiej i bydgoskiej na wydziale - Wychowanie Muzyczne pod okiem takich wykładowców jak Leszek Kułakowski.\"Swoje umiejętności muzyczne i nauczycielskie zdobywałem na uczelniach słupskiej i bydgoskiej na kierunku - Wychowanie Muzyczne, pod okiem takich wykładowców jak Leszek Kułakowski. Jako nauczyciel muzyki pracuję od roku 2003, zdobywając doświadczenie w szkołach podstawowych i gimnazjach Gdańska. Od kilkunastu lat jestem też instruktorem nauki gry na gitarze, ucząc dzieci i młodzież w Młodzieżowym Domu Kultury w Gdyni i aktualnie w Szkole Muzycznej Yamaha w Gdańsku. „Wspólne muzykowanie” to idea, która jest realizowana na zajęciach.\" Zajęcia gitarowe starają się rozwijać nie tylko techniczne umiejętności gry na instrumencie ale też kształtować poczucie estetyki i wrażliwości poprzez muzykę, biorąc pod uwagę indywidualne predyspozycje uczniów.ZAPISY:GAK Wyspa Skarbówul. Turystyczna 3Tel: 58 323 91 15e-mail: wyspaskarbow@gak.gda.pl','ZAJĘCIA INDYWIDUALNE I GRUPOWE6 - 99 LATNa zajęciach wprowadzimy Was w świat muzyki i dźwięków jakie tworzy instrument. Instruktor stara się uwrażliwić wychowanków na wszelkie otaczające nas dźwięki tworzone przez przyrodę, morze, zwier...','2020-10-14 15:15:00','Nauka gry na gitarze - START 9.09.2020','2020-10-14 13:15:00','http://wyspaskarbow.gak.gda.pl',5,13,56),(49065,'1',NULL,'83','WITRAŻ- prowadzący Andrzej KapicaInstruktor z wieloletnim doświadczeniem. Przygodę z witrażami rozpoczął w roku 2001 jako uczestnik Podstawowego Kursu Witrażownictwa, prowadzonego przez znanego gdańskiego witrażystę Grzegorza Zielińskiego w Promocyjnym Klubie Muzycznym MDK na Suchaninie. Nabyte umiejętności doskonalił nieprzerwanie do końca 2003 roku w Pracowni Witraży Grzegorza Zielińskiego, pod okiem właściciela pracowni.W roku 2007 został członkiem The Stained Glass Association of America.Wielokrotnie prezentował swoje prace na różnych wystawach zarówno w kraju jak i zagranicą między innymi: Wystawa Prac Plastycznych „Tęczowy Most” w Druskiennikach na Litwie, prezentacja prac w ramach wystawy Andrzeja Dudy i Obertasa Żukauskasa pt „Widziane Nie Widzialne” w Galerii Mariackiej w Gdańsku, na zaproszenie Urzędu Miasta Pelplina prezentacja prac witrażowych(lampy) podczas Jarmarku Cysterskiego.Ważniejsze prace witrażysty: wykonanie projektu witraży i oświetlenia witrażowego w Kościele NMP Królowej Kościoła w Jantarze.Realizowanie zleceń na witraże(lampy, witraży do drzwi) dla klientów w Niemczech, Anglii, Szwecji, USAWspółpracował z pracowniami artystycznymi m.in. Artystyczna Pracownia Odlewnictwa i Witraży Stanisław Janiszewski  ','WITRAŻ- prowadzący Andrzej KapicaInstruktor z wieloletnim doświadczeniem. Przygodę z witrażami rozpoczął w roku 2001 jako uczestnik Podstawowego Kursu Witrażownictwa, prowadzonego przez znanego gdańskiego witrażystę Grzegorza Zielińskiego...','2020-10-14 17:00:00','Witraż // od 16 lat','2020-10-14 15:00:00','http://stacjaorunia.weebly.com',5,8,57),(63849,'1',NULL,'51','Zajęcia witrażowe dla dorosłych i młodzieży od 16 lat. Czas trwania kursu wynosi trzy miesiące. Podczas kursu uczestnicy posiądą niepowtarzalną wiedzę jak precyzyjnie pociąć szkło, owinąć szklane elementy miedzianą taśmą oraz połączyć w taki sposób, aby umożliwić ich zalutowanie. Zapewniamy wszystkie niezbędne materiały i narzędzia. Prace wykonane przez uczestników podczas kursu pozostają ich własnością.  Prowadzący: Andrzej Kapica, instruktor z wieloletnim doświadczeniem. Przygodę z witrażami rozpoczął w roku 2001 jako uczestnik Podstawowego Kursu Witrażownictwa, prowadzonego przez znanego gdańskiego witrażystę Grzegorza Zielińskiego w Promocyjnym Klubie Muzycznym MDK na Suchaninie. Nabyte umiejętności doskonalił nieprzerwanie do końca 2003 roku w Pracowni Witraży Grzegorza Zielińskiego, pod okiem właściciela pracowni.W roku 2007 został członkiem The Stained Glass Association of America. Wielokrotnie prezentował swoje prace na różnych wystawach zarówno w kraju jak i zagranicą między innymi: Wystawa Prac Plastycznych „Tęczowy Most” w Druskiennikach na Litwie, prezentacja prac w ramach wystawy Andrzeja Dudy i Obertasa Żukauskasa pt „Widziane Nie Widzialne” w Galerii Mariackiej w Gdańsku, na zaproszenie Urzędu Miasta Pelplina prezentacja prac witrażowych(lampy) podczas Jarmarku Cysterskiego.Ważniejsze prace witrażysty: wykonanie projektu witraży i oświetlenia witrażowego w Kościele NMP Królowej Kościoła w Jantarze.','Zajęcia witrażowe dla dorosłych i młodzieży od 16 lat. Czas trwania kursu wynosi trzy miesiące. Podczas kursu uczestnicy posiądą niepowtarzalną wiedzę jak precyzyjnie pociąć szkło, owinąć szklane elementy miedzianą taśmą oraz połą...','2020-10-14 18:00:00','Witraż','2020-10-14 15:00:00','http://stacjaorunia.weebly.com',5,8,58),(73059,'1',NULL,'96','Zajęcia z tenisa stołowego na Gminnej Hali Sportowej w Bojanie w środy od godziny 15,00 do godziny 17,00 w dniach : 30 września, 7 października, 14 października','Zajęcia z tenisa stołowego na Gminnej Hali Sportowej w Bojanie w środy od godziny 15,00 do godziny 17,00 w dniach : 30 września, 7 października, 14 października','2020-10-14 17:00:00','Zajęcia z tenisa stołowego z Leszkiem Kucharskim w Bojanie','2020-10-14 15:00:00','http://gcksir.szemud.pl/?p=80364',68,2397,59),(72687,'1',NULL,'51','ZAJĘCIA GRUPOWE Rozwijamy niczym nieskrępowaną dziecięcą fantazję oraz wrażliwość artystyczną poprzez świat sztuki. Mali artyści pod okiem doświadczonej instruktorki stworzą swoje indywidualne, niepowtarzalne dzieła, jak i otrzymają możliwość wystawy swoich prac. Dzieci zetkną się z wielką sztuką (kuratorskie oprowadzanie po aktualnych wystawach galerii „Wyspy Skarbów”), przygotują do udziału w akcjach typu Artystyczne Ferie letnie i zimowe.ZAJĘCIA GRUPOWE:Wiek: dzieci 5 – 15 latCena: 20 zł – 1 zajęcia, 50 zł – miesiącCzęstotliwość: 1 raz w tygodniu, 90 minutILOŚĆ MIEJSC OGRANICZONA!PROWADZENIE -  Paulina Llera Arias, Wyspiarka. Ukończyła Liceum Plastyczne w Gdyni Orłowie o profilu Fotografia Artystyczna. Absolwentka Akademii Sztuk Pięknych w Gdańsku (kierunek-  Edukacja Artystyczna). Swoją zawodową przygodę kontynuowała pracując przez kilka lat w pracowni plastycznej Teatru Miniatura, a od 2005 roku związana jest z GAK Wyspa Skarbów.ZAPISY:GAK Wyspa Skarbówul. Turystyczna 3Tel: 58 323 91 15e-mail: wyspaskarbow@gak.gda.pl','ZAJĘCIA GRUPOWE Rozwijamy niczym nieskrępowaną dziecięcą fantazję oraz wrażliwość artystyczną poprzez świat sztuki. Mali artyści pod okiem doświadczonej instruktorki stworzą swoje indywidualne, niepowtarzalne dzieła, jak i otrzymają m...','2020-10-14 18:00:00','Plastyka dla dzieci - OD PAŹDZIERNIKA','2020-10-14 16:00:00','http://wyspaskarbow.gak.gda.pl',5,13,60),(72528,'1',NULL,'77','ZAJĘCIA GRUPOWE14 - 99 LATZUMBA®FITNESS jest treningiem powstałym przez połączenie tańca z elementami fitness. Intensywność poszczególnych treningów dostosowana jest do możliwości grupy. Celem zajęć jest przede wszystkim intensywne spalanie kalorii, natomiast forma treningu (energetyczna muzyka i możliwość śpiewania) sprawia, że nie odczuwamy tego, że ćwiczymy.ZAJĘCIA GRUPOWE 1 godz. :・ Wiek: 14+ i dorośli (także dla seniorów!)・ Cena: 20 zł – 1 godzina, 70 zł – miesiąc・ Częstotliwość: 1 raz w tygodniu, 50 minutZAJĘCIA GRUPOWE 1 godz. GIMNASTYKI + 1 godz. ZUMBY :・ Wiek: 14+ i dorośli (także dla seniorów!)・ Cena: 30 zł – 2 godziny, 100 zł – miesiąc・ Częstotliwość: 1 raz w tygodniu, 100 minutILOŚĆ MIEJSC OGRANICZONA!INSTRUKTOR:Ola Kloska. Z tańcem związana od 7 roku życia, uczestniczka wielu kursów i warsztatów tanecznych - początkowo tańce towarzyskie, narodowe. W 2005 roku poznała reggaeton, najpierw jako styl muzyczny, a trzy lata później na parkiecie. Miłość do reggaetonu przerodziła się w zainteresowanie kulturą krajów Ameryki Środkowej i Południowej i poznawanie innych stylów: salsa, bachata, dancehall, a także sexy dance, afro dance czy hip-hop. Program ZUMBA®FITNESS odkryła w 2010 roku. Połączenie tańca, fitnessu i gorących rytmów stało się jej największą pasją i sposobem na życie. Od kwietnia 2013 roku jest licencjonowaną instruktorką ZUMBA®FITNESS. Swoją pasją pragnie zarażać innych, pokazując jednocześnie, że trening nie musi być nudny, a ćwicząc możemy poczuć się jak na imprezie :)ZAPISY:GAK Wyspa Skarbówul. Turystyczna 3Tel: 58 323 91 15e-mail: wyspaskarbow@gak.gda.pl','ZAJĘCIA GRUPOWE14 - 99 LATZUMBA®FITNESS jest treningiem powstałym przez połączenie tańca z elementami fitness. Intensywność poszczególnych treningów dostosowana jest do możliwości grupy. Celem zajęć jest przede wszystkim intensywne spal...','2020-10-14 20:00:00','Zumba - START 9.09.2020','2020-10-14 18:00:00','http://wyspaskarbow.gak.gda.pl',5,13,61),(72810,'1',NULL,'35','ZAJĘCIA INDYWIDUALNE I GRUPOWE6 - 99 LATPROFIL ROZRYWKOWY - DLA POCZĄTKUJĄCYCHZAJĘCIA INDYWIDUALNE (1 raz w tygodniu):・ Wiek: dzieci 6+ i dorośli・ Cena: 70 zł – 1 zajęcia, 170 zł – miesiąc・ Częstotliwość: 1 raz w tygodniu, 45 minutZAJĘCIA INDYWIDUALNE (2 razy w tygodniu):・ Wiek: dzieci 6+ i dorośli・ Cena: 70 zł – 1 zajęcia, 280 zł – miesiąc・ Częstotliwość: 2 razy w tygodniu, 45 minutZAPISY:GAK Wyspa Skarbówul. Turystyczna 3Tel: 58 323 91 15e-mail: wyspaskarbow@gak.gda.pl','ZAJĘCIA INDYWIDUALNE I GRUPOWE6 - 99 LATPROFIL ROZRYWKOWY - DLA POCZĄTKUJĄCYCHZAJĘCIA INDYWIDUALNE (1 raz w tygodniu):・ Wiek: dzieci 6+ i dorośli・ Cena: 70 zł – 1 zajęcia, 170 zł – miesiąc・ Częstotliwość: 1 raz w tygodniu, 45 mi...','2020-10-15 14:00:00','Pianino - profil rozrywkowy - OD PAŹDZERNIKA','2020-10-15 12:00:00','http://wyspaskarbow.gak.gda.pl',5,13,62),(73060,'1',NULL,'96','&nbsp;','&nbsp;','2020-10-15 18:30:00','Czwartek Lekkoatletyczny w Bojanie','2020-10-15 17:00:00','http://gcksir.szemud.pl/?p=80336',68,2397,63),(73061,'1',NULL,'96','25 września , 2 października, 9 października, 16 października (piątki) Hala Sportowo-Widowiskowa w Szemudzie','25 września , 2 października, 9 października, 16 października (piątki) Hala Sportowo-Widowiskowa w Szemudzie','2020-10-16 23:59:00','Zajęcia z tenisa stołowego z Leszkiem Kucharskim','2020-10-16 00:00:00','http://gcksir.szemud.pl/?p=80361',68,1868,64),(73016,'1','http://miastopuck.pl/wp-content/uploads/jpg-Wystawka-plakat.png','96','&nbsp;','&nbsp;','2020-10-16 23:59:00','Wystawka w mieście Puck','2020-10-16 00:00:00','http://miastopuck.pl/?p=39689',223,1851,65),(73028,'1','http://kalendarz.sopot.pl//images/b1e2G6z2q0C021G6D020Y3l324w6T804.jpg','77','Zapraszamy do udziału w finale cyklu JumpOFF Hipodrom, który z powodu pandemii został przesunięty z terminu wiosennego na październik. JumpOFF Hipodrom to stały punkt na jeździeckiej mapie Polski. Od wczesnej jesieni do późnej wiosny na hali sopockiego Hipodromu rozgrywanych jest ok. 10 imprez wchodzących w skład cyklu. Pula nagród w finale wynosi 40 000 zł, a w każdej eliminacji bierze udział ok 200 koni.','Zapraszamy do udziału w finale cyklu JumpOFF Hipodrom, który z powodu pandemii został przesunięty z terminu wiosennego na październik. JumpOFF Hipodrom to stały punkt na jeździeckiej mapie Polski. Od wczesnej jesieni do późnej wiosny na hali...','2020-10-18 21:00:00','JumpOFF Hipodrom Finał sezonu 2019/20','2020-10-16 08:00:00','http://kalendarz.sopot.pl/kalendarz/szczegoly/10227/jumpoff-hipodrom-final-sezonu-2019-20.html',255,1643,66),(72732,'1',NULL,'77','ZAJĘCIA GRUPOWEdla kobiet 50 +Zajęcia prozdrowotne i uelastyczniające dla kobiet 50+.ZAJĘCIA GRUPOWE 1 raz w tyg. :・ Wiek: dorośli i seniorzy・ Cena: 20 zł – 1 zajęcia, 70 zł – miesiąc・ Częstotliwość: 1 raz w tygodniu, 60 minutZAJĘCIA GRUPOWE 2 razy w tyg. :・ Wiek: dorośli i seniorzy・ Cena: 20 zł – 1 zajęcia, 120 zł – miesiąc・ Częstotliwość: 2 razy w tygodniu, 60 minutILOŚĆ MIEJSC OGRANICZONA!INSTRUKTOR:Ola Kloska. Z tańcem związana od 7 roku życia, uczestniczka wielu kursów i warsztatów tanecznych - początkowo tańce towarzyskie, narodowe. W 2005 roku poznała reggaeton, najpierw jako styl muzyczny, a trzy lata później na parkiecie. Miłość do reggaetonu przerodziła się w zainteresowanie kulturą krajów Ameryki Środkowej i Południowej i poznawanie innych stylów: salsa, bachata, dancehall, a także sexy dance, afro dance czy hip-hop. Program ZUMBA®FITNESS odkryła w 2010 roku. Połączenie tańca, fitnessu i gorących rytmów stało się jej największą pasją i sposobem na życie. Od kwietnia 2013 roku jest licencjonowaną instruktorką ZUMBA®FITNESS. Swoją pasją pragnie zarażać innych, pokazując jednocześnie, że trening nie musi być nudny, a ćwicząc możemy poczuć się jak na imprezie :)Zapisy:GAK Wyspa Skarbówul. Turystyczna 3Tel: 58 323 91 15e-mail: wyspaskarbow@gak.gda.pl','ZAJĘCIA GRUPOWEdla kobiet 50 +Zajęcia prozdrowotne i uelastyczniające dla kobiet 50+.ZAJĘCIA GRUPOWE 1 raz w tyg. :・ Wiek: dorośli i seniorzy・ Cena: 20 zł – 1 zajęcia, 70 zł – miesiąc・ Częstotliwość: 1 raz w tygodniu, 60 minutZA...','2020-10-16 11:05:00','Gimnastyka prozdrowotna - OD PAŹDZIERNIKA','2020-10-16 09:05:00','http://wyspaskarbow.gak.gda.pl',5,13,67),(72568,'1',NULL,'35','ZAJĘCIA INDYWIDUALNE I GRUPOWE6 - 99 LATJeśli chcesz nauczyć się śpiewu, zasad poprawnej dykcji, artykulacji, prawidłowego oddechu, świetnie trafiłeś! Na zajęciach dzieci w praktyce uczyć się będą:- prawidłowej emisji głosu i jakie są jej elementy;- jak prawidłowo oddychać podczas śpiewu;- poznaj - szereg ćwiczeń poszerzających skalę głosu;- poznaj - wartościowy repertuar dopasowany specjalnie dla ich głosu;- naucz radzić sobie z tremąZAJĘCIA INDYWIDUALNE:・ Wiek: dzieci 6+ i dorośli・ Cena: 70 zł – 1 zajęcia, 170 zł – miesiąc・ Częstotliwość: 1 raz w tygodniu, 60 minutILOŚĆ MIEJSC OGRANICZONA!INSTRUKTORJoanna Przyborowska, absolwentka Wokalistyki Estradowej na Akademii Muzycznej w Łodzi. „Z muzyką związana jestem od \'zawsze\'. Doświadczenie sceniczne zdobywałam biorąc udział w licznych projektach muzycznych, warsztatach wokalnych i festiwalach piosenki, dzięki czemu miałam możliwość występowania w wielu wspaniałych miejscach.”ZAPISY:GAK Wyspa Skarbówul. Turystyczna 3Tel: 58 323 91 15e-mail: wyspaskarbow@gak.gda.pl','ZAJĘCIA INDYWIDUALNE I GRUPOWE6 - 99 LATJeśli chcesz nauczyć się śpiewu, zasad poprawnej dykcji, artykulacji, prawidłowego oddechu, świetnie trafiłeś! Na zajęciach dzieci w praktyce uczyć się będą:- prawidłowej emisji głosu i jakie s','2020-10-16 15:15:00','Wokalistyka - OD PAŹDZIERNIKA','2020-10-16 13:15:00','http://wyspaskarbow.gak.gda.pl',5,13,68),(55053,'1',NULL,'69','Teatr „Stokrotka” oraz Teatr „Alternatywa” Gdańskiego Archipelagu Kultury powstał w październiku 2010 roku z siedzibą w Dworku Artura.Zajęcia skupiają dzieci w dwóch grupach wiekowych 5 - 11 lat oraz 12 - 15 lat i są one kontynuacją działań realizowanych wcześniej w strukturach Teatru „Poza Tym” oraz „Teatru GAK”.Grupy prowadzi instruktor teatralny Pani Ewa Krawczyk, która pracuje od 16 lat w Gdańskim Archipelagu Kultury Gama, gdzie również organizuje różnego rodzaju imprezy oraz prowadzi grupy teatralne.Działania Teatru mają na swoim koncie wiele spektakli wystawianych w Gdańskim Archipelagu Kultury, ale również mają udział w festiwalach teatralnych w Niemczech - Bremen w 2005 -2007-2011 roku na zaproszenie Theater 62 Bremen.Głównym celem zajęć jest tworzenie teatru poprzez zabawę.Teatr w życiu dzieci, jest bardzo ważnym elementem wspomagającym rozwój osobowości, aktywności, twórczości młodego człowieka, a także uczy współpracy w zespole.Uczestnicy zajęć będą mogli sprawdzić i rozwijać swoje umiejętności aktorskie, literackie , plastyczne, wokalne, taneczne oraz organizacyjne.Ukoronowaniem pracy dzieci będzie premiera spektaklu przygotowywana w ramach zajęć teatralnych.','Teatr „Stokrotka” oraz Teatr „Alternatywa” Gdańskiego Archipelagu Kultury powstał w październiku 2010 roku z siedzibą w Dworku Artura.Zajęcia skupiają dzieci w dwóch grupach wiekowych 5 - 11 lat oraz 12 - 15 lat i są one kontynuacją ...','2020-10-16 18:00:00','Teatr „Stokrotka” dla dzieci','2020-10-16 16:00:00','http://stacjaorunia.weebly.com',5,8,69),(48717,'1',NULL,'83','RYSUNEK I MALARSTWO - prowadząca Grażyna KunickaStudia na Państwowej w Państwowej Wyższej Szkole Sztuk Plastycznych (ASP) w Gdańsku na wydziale Malarstwa i Grafiki w pracowni prof. K. Berezińskiego. Dyplom w 1987 r.Uprawia malarstwo, ceramikę i ilustrację książkową.Jest kuratorką wystaw, animatorką kultury, wykładowcą na studiach podyplomowych, liderką i współautorką scenariuszy międzynarodowych projektów unijnych, uczestniczką plenerów, sympozjów międzynarodowych i społecznych akcji artystycznych organizowanych na rzecz miasta. ','RYSUNEK I MALARSTWO - prowadząca Grażyna KunickaStudia na Państwowej w Państwowej Wyższej Szkole Sztuk Plastycznych (ASP) w Gdańsku na wydziale Malarstwa i Grafiki w pracowni prof. K. Berezińskiego. Dyplom w 1987 r.Uprawia malarstwo, ceramikę...','2020-10-16 19:00:00','Rysunek i Malarstwo // młodzież i dorośli','2020-10-16 17:00:00','http://stacjaorunia.weebly.com',5,8,70),(72648,'1',NULL,'51','ZAJĘCIA GRUPOWEDLA DOROSŁYCHPracownia  działająca od 2005 r. ma na celu kształcenie uczestników w dziedzinie poszukiwania równowagi pomiędzy formą, barwą i fakturą w ceramice. Program Pracowni kładzie duży nacisk, aby  uczestniczki zajęć nie traktowały swoich inspiracji dosłownie. Jest czas na dokładne przemyślenia, konsultacje, a następnie jak najkorzystniejsze dobranie barw oraz faktur do charakteru wykonywanych prac. Wykorzystując studyjne i alternatywne metody technologiczne. Pracownia wciąż poszukuje nowych efektów i środków wyrazu artystycznego. „Wyspiarski” klimat (dostępność morza, Wisły, rezerwatów przyrody) bezpośrednio oddziałuje na uczestniczki zajęć, inspirując je do podejmowania oraz realizacji tematów związanych z naturą.ZAJĘCIA GRUPOWE:・ Wiek: dorośli・ Cena: 30 zł – 1 zajęcia, 100 zł – miesiąc・ Częstotliwość: 1 raz w tygodniu, 180 minutILOŚĆ MIEJSC OGRANICZONA!INSTRUKTORKrystyna Andrzejewska Marek, ukończyła rzeźbę, po czym skoncentrowała się na ceramice pod mistrzowskim okiem profesora Henryka Luli. Swoją twórczość nierozerwalnie łączy z dyscypliną ceramiki artystycznej, wzbogacając ją o fotografie, alternatywne metody wypalania ceramiki oraz warsztaty. Brała udział w wielu wystawach, plenerach, sympozjach i konferencjach w kraju  i za granicą. ZAPISY:GAK Wyspa Skarbówul. Turystyczna 3Tel: 58 323 91 15e-mail: wyspaskarbow@gak.gda.pl','ZAJĘCIA GRUPOWEDLA DOROSŁYCHPracownia  działająca od 2005 r. ma na celu kształcenie uczestników w dziedzinie poszukiwania równowagi pomiędzy formą, barwą i fakturą w ceramice. Program Pracowni kładzie duży nacisk, aby  uczestniczki zaj...','2020-10-16 19:00:00','Ceramika i rzeźba ceramiczna - OD PAŹDZIERNIKA','2020-10-16 17:00:00','http://wyspaskarbow.gak.gda.pl',5,13,71),(72511,'1','events/eventthumb_5f58da1d1bf0a.png','19','W obecnym sezonie Opera Bałtycka będzie obchodzić siedemdziesiąte urodziny (2020). Sięgniemy więc do jej historii, przypominając najważniejsze spektakle i osoby, które przyczyniły się do sukcesów instytucji. Posłuchamy też dzieł, które do tej pory jeszcze nie zostały wystawione na gdańskiej scenie – a być może już wkrótce na niej zagoszczą. CO TO? Interaktywna forma zachęca do uczestnictwa w każdym odcinku! Humorystyczne prelekcje przeplatają się z występami zaproszonych artystów, rozmowami ze specjalistami i krótkimi filmikami. DLA KOGO? Brak ograniczeń wiekowych, wszyscy są mile widziani JAK DŁUGO I JAK CZĘSTO? Stanowczo za krótko i za rzadko! Spotkania odbywają się raz w miesiącu, a trwają od 70 do 90 minut (bez przerwy).','Cykl spotkań Jerzego Snakowskiego. Interaktywna forma zachęca do uczestnictwa w każdym odcinku! W obecnym sezonie Opera Bałtycka będzie obchodzić siedemdziesiąte urodziny (2020). Sięgniemy więc do jej historii, przypominając najważniejsze spektakle.','2020-10-17 13:30:00','Opera? Si!','2020-10-17 12:00:00','http://operabaltycka.pl/pl/repertuar/opera-si/2020-10-17',11,35,72),(73029,'1','http://kalendarz.sopot.pl//images/K9d4W3n680T0h1H5O7Z0v7O8e80261x8.jpg','35','Kiedy skończyłam 18 lat, jedynym moim marzeniem było wyjście na scenę i wykrzyczenie swojego młodzieńczego buntu, swoich emocji, siebie… Myślałam, że to będzie jednorazowe, że nikt nie zaufa tej szalonej i niegrzecznej dziewczynie, jaką byłam. Po 25 latach, kiedy okazało się, że sen osiemnastolatki trwa i stał się moją drogą, pasją, pracą i namiętnością, muszę przyznać – w środku ciągle mam zbuntowane dziecko, które cały czas chce krzyczeć, mówić do ludzi, pragnie ich obecności i sympatii. Dlatego na samą myśl o mojej Trasie 25-lecia czuję ogromną euforię i entuzjazm. To moje życie, największa miłość i najcudowniejsza relacja: ja i Publiczność. Bo koncert to zawsze duet: artysta i ludzie, którzy go cenią i uwielbiają słuchać. Chcę do Was przyjść taka, jaka jestem: bezczelnie szczera, cholernie Wam oddana i mająca od lat ogromny problem ze słowem „kompromis”. Przez te 25 lat razem dojrzewaliśmy. Dowiadywaliście się co u mnie po tekstach piosenek i kolejnych zmianach kolorów włosów J Bo ja właśnie taka jestem: zmienna i konsekwentna w swoim szaleństwie. Ta trasa jest WAM dedykowana. O Was myślałam, gdy ją przygotowywaliśmy i to ja na Was czekam. Bądźmy tam razem szczęśliwi i dobrze się bawmy, bo o to właśnie chodziło tej osiemnastoletniej dziewczynie 25 lat temu. WARTO BYŁO SZALEĆ TAK!','Kiedy skończyłam 18 lat, jedynym moim marzeniem było wyjście na scenę i wykrzyczenie swojego młodzieńczego buntu, swoich emocji, siebie… Myślałam, że to będzie jednorazowe, że nikt nie zaufa tej szalonej i niegrzecznej dziewczynie, jak','2020-10-17 21:30:00','AGNIESZKA CHYLIŃSKA „WARTO BYŁO SZALEĆ TAK!” 25 lat na scenie','2020-10-17 18:30:00','http://kalendarz.sopot.pl/kalendarz/szczegoly/9416/agnieszka-chylinska-warto-bylo-szalec-tak-25-lat-na-scenie.html',255,1644,73),(72497,'1','http://www.teatrminiatura.pl/media/repertoire/tm_kasia_genNET_45.jpg','19','na podstawie książki Sarah Crossan (tytuł oryginalny: „The Weight of Water”)\ntłumaczenie: Katarzyna Domańska (Wydawnictwo Dwie Siostry)adaptacja, reżyseria i inscenizacja: Anna Wieczur-Bluszczscenografia: Ewa Gdowiokwspółpraca przy koncepcji wizualnej oraz animacje filmowe: Esy Floresy (Urszula Morga, Bartosz Mikołajczyk)muzyka: Łukasz Matuszykasystenci ds. scenografii: Kinga Patoka, Piotr Jurekudźwiękowienie: Agata Chodyrakoncepcja i realizacja techniczna, światło: Maciej Motowidło\nobsada: Jolanta Darewicz, Agnieszka Grzegorzewska, Edyta Janusz-Ehrlich, Piotr Kłudka, Jacek Majok, Jadwiga Sankowska, Joanna Tomasikgłos Kasieńki: Anna Andruszkiewicz\nPrapremiera polska: 26 marca 2017Duża Scena Teatru Miniatura\nDla widzów od 11 lat\nCzas trwania: 1 h 20 min (bez przerwy)  \nUWAGA! Spektakl ma wyjątkową formę i z tego względu polecamy miejsca w dalszych rzędach, w których lepiej się go ogląda. \nTHE WEIGHT OF WATER jest zaadaptowana i wystawiona za zgodą Sarah Crossan. Copyright ©2012 by Sarah Crossan. Wszystkie prawa zastrzeżone.','na podstawie książki Sarah Crossan (tytuł oryginalny: „The Weight of Water”)\ntłumaczenie: Katarzyna Domańska (Wydawnictwo Dwie Siostry)adaptacja, reżyseria i inscenizacja: Anna Wieczur-Bluszczscenografia: Ewa Gdowiokwspółpraca przy koncep...','2020-10-18 14:00:00','Kasieńka','2020-10-18 12:00:00','http://www.teatrminiatura.pl/pl/repertuar/detail/567/kasienka/',2,1,74),(72887,'1','http://gak.gda.pl/sites/default/files/styles/big_1000w/public/Galeria/Tworzymy plansza na facebook Jacaszek.jpg','1','Zapraszamy na film o Michale Jacaszku, który jest artystą-muzykiem, producentem muzycznym. W swojej twórczości skupia się na muzyce eksperymentalnej. Mamy nadzieję, że jego droga do sukcesu zachęci zwłaszcza młodych ludzi do odkrywania swoich talentów i pracy nad nimi. Projekcja online przez fb i Youtube.','Zapraszamy na film o Michale Jacaszku, który jest artystą-muzykiem, producentem muzycznym. W swojej twórczości skupia się na muzyce eksperymentalnej. Mamy nadzieję, że jego droga do sukcesu zachęci zwłaszcza młodych ludzi do odkrywania swoi...','2020-10-18 19:00:00','Tworzy-my. Michał Jacaszek','2020-10-18 17:00:00','http://projektornia.art.pl',5,14,75),(72811,'1',NULL,'35','ZAJĘCIA INDYWIDUALNE I GRUPOWE6 - 99 LATPROFIL ROZRYWKOWY - DLA POCZĄTKUJĄCYCHZAJĘCIA INDYWIDUALNE (1 raz w tygodniu):・ Wiek: dzieci 6+ i dorośli・ Cena: 70 zł – 1 zajęcia, 170 zł – miesiąc・ Częstotliwość: 1 raz w tygodniu, 45 minutZAJĘCIA INDYWIDUALNE (2 razy w tygodniu):・ Wiek: dzieci 6+ i dorośli・ Cena: 70 zł – 1 zajęcia, 280 zł – miesiąc・ Częstotliwość: 2 razy w tygodniu, 45 minutZAPISY:GAK Wyspa Skarbówul. Turystyczna 3Tel: 58 323 91 15e-mail: wyspaskarbow@gak.gda.pl','ZAJĘCIA INDYWIDUALNE I GRUPOWE6 - 99 LATPROFIL ROZRYWKOWY - DLA POCZĄTKUJĄCYCHZAJĘCIA INDYWIDUALNE (1 raz w tygodniu):・ Wiek: dzieci 6+ i dorośli・ Cena: 70 zł – 1 zajęcia, 170 zł – miesiąc・ Częstotliwość: 1 raz w tygodniu, 45 mi...','2020-10-19 14:00:00','Pianino - profil rozrywkowy - OD PAŹDZERNIKA','2020-10-19 12:00:00','http://wyspaskarbow.gak.gda.pl',5,13,76),(56282,'1',NULL,'83','CERAMIKA - prowadząca Grażyna KunickaStudia na Państwowej w Państwowej Wyższej Szkole Sztuk Plastycznych (ASP) w Gdańsku na wydziale Malarstwa i Grafiki w pracowni prof. K. Berezińskiego. Dyplom w 1987 r.Uprawia malarstwo, ceramikę i ilustrację książkową.Jest kuratorką wystaw, animatorką kultury, wykładowcą na studiach podyplomowych, liderką i współautorką scenariuszy międzynarodowych projektów unijnych, uczestniczką plenerów, sympozjów międzynarodowych i społecznych akcji artystycznych organizowanych na rzecz miasta.Zajęcia dla dzieci w wieku od 5 latPodstawy technologii ceramiki, tworzenie przestrzennych i płaskich form ceramicznych. Podczas zajęć projektujemy, lepimy, szkliwimy i wypalamy w piecu ceramicznym.','CERAMIKA - prowadząca Grażyna KunickaStudia na Państwowej w Państwowej Wyższej Szkole Sztuk Plastycznych (ASP) w Gdańsku na wydziale Malarstwa i Grafiki w pracowni prof. K. Berezińskiego. Dyplom w 1987 r.Uprawia malarstwo, ceramikę i ilustrac...','2020-10-19 18:30:00','Ceramika // dorośli','2020-10-19 16:30:00','http://stacjaorunia.weebly.com',5,8,77),(47972,'1',NULL,'83','KARATE - prowadzący Jerzy GuttkowskiInstruktor samoobrony. Od 35 lat posiadacz 6 Dan w Karate Shotokan. Świadomy tego, iż dopiero po takim czasie posiadł wystarczającą wiedzę , aby przekazywać ją innym.Pierwsze kroki stawiał na polskim gruncie, następnie liczne wjazdy na seminaria i egzaminy oraz kontakty z takimi mistrzami jak: H. NISHIYAMA, H. OCHI, K.ENOEDA, H.SHIRAI, I.JORGA.  ','KARATE - prowadzący Jerzy GuttkowskiInstruktor samoobrony. Od 35 lat posiadacz 6 Dan w Karate Shotokan. Świadomy tego, iż dopiero po takim czasie posiadł wystarczającą wiedzę , aby przekazywać ją innym.Pierwsze kroki stawiał na polskim grun...','2020-10-19 19:00:00','Karate Shotokan // dzieci','2020-10-19 17:00:00','http://stacjaorunia.weebly.com',5,8,78),(53315,'1',NULL,'83','CERAMIKA - prowadząca Grażyna KunickaStudia na Państwowej w Państwowej Wyższej Szkole Sztuk Plastycznych (ASP) w Gdańsku na wydziale Malarstwa i Grafiki w pracowni prof. K. Berezińskiego. Dyplom w 1987 r.Uprawia malarstwo, ceramikę i ilustrację książkową.Jest kuratorką wystaw, animatorką kultury, wykładowcą na studiach podyplomowych, liderką i współautorką scenariuszy międzynarodowych projektów unijnych, uczestniczką plenerów, sympozjów międzynarodowych i społecznych akcji artystycznych organizowanych na rzecz miasta.Zajęcia dla dzieci w wieku od 5 latPodstawy technologii ceramiki, tworzenie przestrzennych i płaskich form ceramicznych. Podczas zajęć projektujemy, lepimy, szkliwimy i wypalamy w piecu ceramicznym.','CERAMIKA - prowadząca Grażyna KunickaStudia na Państwowej w Państwowej Wyższej Szkole Sztuk Plastycznych (ASP) w Gdańsku na wydziale Malarstwa i Grafiki w pracowni prof. K. Berezińskiego. Dyplom w 1987 r.Uprawia malarstwo, ceramikę i ilustrac...','2020-10-19 19:00:00','Ceramika // dorośli','2020-10-19 17:00:00','http://stacjaorunia.weebly.com',5,8,79),(73048,'1','http://wbpg.org.pl/sites/default/files/obraz_maly/havana%20na%20str.png','96','na spotkanie z książką Marka Kurlansky’ego \"Hawana. Podzwrotnikowe delirium\". Ta książka to wyznanie nieskrywanych uczuć autora do tego niezwykłego miasta. Prosimy pamiętać o zasłanianiu ust i nosa podczas wizyty w naszej bibliotece.Mówią, że to miasto „jest niczym miłość brzydkiej kobiety, namiętne i rozgorączkowane”. Że mężczyźni wciąż są tu ostentacyjnie męscy, a kobiety o rozłożystych biodrach – najbardziej kobiece na świecie. Mówią, że powietrze drży tutaj jak w delirium, kołysze się tanecznymi rytmami granej na żywo muzyki, że nawet chodzi się tu w rytmie sonu. Nakręcono o niej setki filmów, choć wciąż najlepiej wypada w stylu noir. Kiedyś miasto-występek, dziś miasto-upadek – Hawana. Mark Kurlansky, dziennikarz „New York Timesa”, zapuszczał się w wąskie uliczki „żółtego miasta” przez blisko trzydzieści lat. Podążał śladami Hemingwaya, Greena, Carpentiera, czytał wielbionego przez habaneros Lorcę, spędzał noce w legendarnych kawiarniach i sam sprawdził prawdziwość zdania, które Errol Flynn nabazgrał na ścianie jednej z nich: „Najlepsze miejsce, żeby się upić”. Bo przecież tu powstały popularne drinki: cuba libre, daiquiri, mojito. Jednak Hawana to nie tylko miasto słońca, zabawy i tańca. Nie można jej zrozumieć bez poznania jej tragicznej, burzliwej historii: kolonializmu, protektoratu USA, reżimu Batisty, rewolucji Fidela Castro i dominacji Związku Radzieckiego. Jej ulice wielokrotnie nasiąkały krwią niewolników i więźniów politycznych. Ta książka to wyznanie nieskrywanych uczuć Kurlansky’ego do tego niezwykłego miasta. Bo – jak sam pisze – Hawana, ze wszystkimi swoimi zapachami, rozsypującymi się murami, izolacją i trudną historią, jest najbardziej romantycznym miastem na świecie. Napisano o niej niezliczone pieśni miłosne. To miasto zawsze oczarowuje. Opis książki: https://czarne.com.pl/katalog/ksiazki/hawana','na spotkanie z książką Marka Kurlansky’ego \"Hawana. Podzwrotnikowe delirium\". Ta książka to wyznanie nieskrywanych uczuć autora do tego niezwykłego miasta. Prosimy pamiętać o zasłanianiu ust i nosa podczas wizyty w naszej bibliotece.Mówi...','2020-10-19 19:30:00','Dyskusyjny Klub Książki dla Dorosłych zaprasza...','2020-10-19 17:30:00','http://wbpg.org.pl/aktualnosc/dyskusyjny-klub-ksi%C4%85%C5%BCki-dla-doros%C5%82ych-zaprasza-4',50,1414,80),(48121,'1',NULL,'83','KARATE - prowadzący Jerzy GuttkowskiInstruktor samoobrony. Od 35 lat posiadacz 6 Dan w Karate Shotokan. Świadomy tego, iż dopiero po takim czasie posiadł wystarczającą wiedzę , aby przekazywać ją innym.Pierwsze kroki stawiał na polskim gruncie, następnie liczne wjazdy na seminaria i egzaminy oraz kontakty z takimi mistrzami jak: H. NISHIYAMA, H. OCHI, K.ENOEDA, H.SHIRAI, I.JORGA.  ','KARATE - prowadzący Jerzy GuttkowskiInstruktor samoobrony. Od 35 lat posiadacz 6 Dan w Karate Shotokan. Świadomy tego, iż dopiero po takim czasie posiadł wystarczającą wiedzę , aby przekazywać ją innym.Pierwsze kroki stawiał na polskim grun...','2020-10-19 20:00:00','Karate Shotokan // dorośli i młodzież','2020-10-19 18:00:00','http://stacjaorunia.weebly.com',5,8,81),(48568,'1',NULL,'83','CERAMIKA - prowadząca Grażyna KunickaStudia na Państwowej w Państwowej Wyższej Szkole Sztuk Plastycznych (ASP) w Gdańsku na wydziale Malarstwa i Grafiki w pracowni prof. K. Berezińskiego. Dyplom w 1987 r.Uprawia malarstwo, ceramikę i ilustrację książkową.Jest kuratorką wystaw, animatorką kultury, wykładowcą na studiach podyplomowych, liderką i współautorką scenariuszy międzynarodowych projektów unijnych, uczestniczką plenerów, sympozjów międzynarodowych i społecznych akcji artystycznych organizowanych na rzecz miasta.Zajęcia dla dzieci w wieku od 5 latPodstawy technologii ceramiki, tworzenie przestrzennych i płaskich form ceramicznych. Podczas zajęć projektujemy, lepimy, szkliwimy i wypalamy w piecu ceramicznym.','CERAMIKA - prowadząca Grażyna KunickaStudia na Państwowej w Państwowej Wyższej Szkole Sztuk Plastycznych (ASP) w Gdańsku na wydziale Malarstwa i Grafiki w pracowni prof. K. Berezińskiego. Dyplom w 1987 r.Uprawia malarstwo, ceramikę i ilustrac...','2020-10-19 20:00:00','Ceramika // dorośli','2020-10-19 18:00:00','http://stacjaorunia.weebly.com',5,8,82),(51539,'1',NULL,'83','Combat Self Defense Samoobrona dla KobietZajęcia dla dorosłychSystem Dźwigni Obezwładniających stosowany w zagrożeniu życia i zdrowia ludzkiegoNauka koncentracji, poprawa sprawności fizycznej, opanowanie emocji w sytuacji zagrożenia.','Combat Self Defense Samoobrona dla KobietZajęcia dla dorosłychSystem Dźwigni Obezwładniających stosowany w zagrożeniu życia i zdrowia ludzkiegoNauka koncentracji, poprawa sprawności fizycznej, opanowanie emocji w sytuacji zagrożenia.','2020-10-19 21:15:00','Combat Self Defense Samoobrona dla Kobiet','2020-10-19 19:15:00','http://stacjaorunia.weebly.com',5,8,83),(48270,'1',NULL,'83','PLASTYKA - prowadząca Renata NowakAbsolwentka Akademii Sztuk Pięknych w Gdańsku na Wydziale Grafiki.Głównym tworzywem jej pracy jest rysunek, ilustracja i fotografia metodą camera obscura.Zajmuje się też projektowaniem graficznym.Wystawia w kraju i za granicą.Indywidualna wystawa Ilustracji w Galerii Ciasna w Jastrzębiu Zdroju 2016Laureatka wielu nagród i wyróżnień.Nagroda Prezydenta Gdańska w dziedzinie kultury 2014Jej prace znajdują się w Muzeum Sztuki Współczesnej Tajwan, Katalonia, Pekin i w zbiorach prywatnych Polska, Francja, Niemcy, Anglia  ','PLASTYKA - prowadząca Renata NowakAbsolwentka Akademii Sztuk Pięknych w Gdańsku na Wydziale Grafiki.Głównym tworzywem jej pracy jest rysunek, ilustracja i fotografia metodą camera obscura.Zajmuje się też projektowaniem graficznym.Wystawia w k...','2020-10-20 18:00:00','Plastyka // Dzieci','2020-10-20 16:00:00','http://stacjaorunia.weebly.com',5,8,84),(48419,'1',NULL,'83','CERAMIKA - prowadząca Grażyna KunickaStudia na Państwowej w Państwowej Wyższej Szkole Sztuk Plastycznych (ASP) w Gdańsku na wydziale Malarstwa i Grafiki w pracowni prof. K. Berezińskiego. Dyplom w 1987 r.Uprawia malarstwo, ceramikę i ilustrację książkową.Jest kuratorką wystaw, animatorką kultury, wykładowcą na studiach podyplomowych, liderką i współautorką scenariuszy międzynarodowych projektów unijnych, uczestniczką plenerów, sympozjów międzynarodowych i społecznych akcji artystycznych organizowanych na rzecz miasta.Zajęcia dla dzieci w wieku od 5 latPodstawy technologii ceramiki, tworzenie przestrzennych i płaskich form ceramicznych. Podczas zajęć projektujemy, lepimy, szkliwimy i wypalamy w piecu ceramicznym.  ','CERAMIKA - prowadząca Grażyna KunickaStudia na Państwowej w Państwowej Wyższej Szkole Sztuk Plastycznych (ASP) w Gdańsku na wydziale Malarstwa i Grafiki w pracowni prof. K. Berezińskiego. Dyplom w 1987 r.Uprawia malarstwo, ceramikę i ilustrac...','2020-10-20 18:30:00','Ceramika // dzieci','2020-10-20 16:30:00','http://stacjaorunia.weebly.com',5,8,85),(56166,'1',NULL,'83','CERAMIKA - prowadząca Grażyna KunickaStudia na Państwowej w Państwowej Wyższej Szkole Sztuk Plastycznych (ASP) w Gdańsku na wydziale Malarstwa i Grafiki w pracowni prof. K. Berezińskiego. Dyplom w 1987 r.Uprawia malarstwo, ceramikę i ilustrację książkową.Jest kuratorką wystaw, animatorką kultury, wykładowcą na studiach podyplomowych, liderką i współautorką scenariuszy międzynarodowych projektów unijnych, uczestniczką plenerów, sympozjów międzynarodowych i społecznych akcji artystycznych organizowanych na rzecz miasta.Zajęcia dla dzieci w wieku od 5 latPodstawy technologii ceramiki, tworzenie przestrzennych i płaskich form ceramicznych. Podczas zajęć projektujemy, lepimy, szkliwimy i wypalamy w piecu ceramicznym.  ','CERAMIKA - prowadząca Grażyna KunickaStudia na Państwowej w Państwowej Wyższej Szkole Sztuk Plastycznych (ASP) w Gdańsku na wydziale Malarstwa i Grafiki w pracowni prof. K. Berezińskiego. Dyplom w 1987 r.Uprawia malarstwo, ceramikę i ilustrac...','2020-10-20 19:15:00','Ceramika // dzieci','2020-10-20 17:15:00','http://stacjaorunia.weebly.com',5,8,86),(72498,'1','http://www.teatrminiatura.pl/media/repertoire/tm_kasia_genNET_45.jpg','19','na podstawie książki Sarah Crossan (tytuł oryginalny: „The Weight of Water”)\ntłumaczenie: Katarzyna Domańska (Wydawnictwo Dwie Siostry)adaptacja, reżyseria i inscenizacja: Anna Wieczur-Bluszczscenografia: Ewa Gdowiokwspółpraca przy koncepcji wizualnej oraz animacje filmowe: Esy Floresy (Urszula Morga, Bartosz Mikołajczyk)muzyka: Łukasz Matuszykasystenci ds. scenografii: Kinga Patoka, Piotr Jurekudźwiękowienie: Agata Chodyrakoncepcja i realizacja techniczna, światło: Maciej Motowidło\nobsada: Jolanta Darewicz, Agnieszka Grzegorzewska, Edyta Janusz-Ehrlich, Piotr Kłudka, Jacek Majok, Jadwiga Sankowska, Joanna Tomasikgłos Kasieńki: Anna Andruszkiewicz\nPrapremiera polska: 26 marca 2017Duża Scena Teatru Miniatura\nDla widzów od 11 lat\nCzas trwania: 1 h 20 min (bez przerwy)  \nUWAGA! Spektakl ma wyjątkową formę i z tego względu polecamy miejsca w dalszych rzędach, w których lepiej się go ogląda. \nTHE WEIGHT OF WATER jest zaadaptowana i wystawiona za zgodą Sarah Crossan. Copyright ©2012 by Sarah Crossan. Wszystkie prawa zastrzeżone.','na podstawie książki Sarah Crossan (tytuł oryginalny: „The Weight of Water”)\ntłumaczenie: Katarzyna Domańska (Wydawnictwo Dwie Siostry)adaptacja, reżyseria i inscenizacja: Anna Wieczur-Bluszczscenografia: Ewa Gdowiokwspółpraca przy koncep...','2020-10-20 20:00:00','Kasieńka','2020-10-20 18:00:00','http://www.teatrminiatura.pl/pl/repertuar/detail/567/kasienka/',2,1,87),(72733,'1',NULL,'77','ZAJĘCIA GRUPOWEdla kobiet 50 +Zajęcia prozdrowotne i uelastyczniające dla kobiet 50+.ZAJĘCIA GRUPOWE 1 raz w tyg. :・ Wiek: dorośli i seniorzy・ Cena: 20 zł – 1 zajęcia, 70 zł – miesiąc・ Częstotliwość: 1 raz w tygodniu, 60 minutZAJĘCIA GRUPOWE 2 razy w tyg. :・ Wiek: dorośli i seniorzy・ Cena: 20 zł – 1 zajęcia, 120 zł – miesiąc・ Częstotliwość: 2 razy w tygodniu, 60 minutILOŚĆ MIEJSC OGRANICZONA!INSTRUKTOR:Ola Kloska. Z tańcem związana od 7 roku życia, uczestniczka wielu kursów i warsztatów tanecznych - początkowo tańce towarzyskie, narodowe. W 2005 roku poznała reggaeton, najpierw jako styl muzyczny, a trzy lata później na parkiecie. Miłość do reggaetonu przerodziła się w zainteresowanie kulturą krajów Ameryki Środkowej i Południowej i poznawanie innych stylów: salsa, bachata, dancehall, a także sexy dance, afro dance czy hip-hop. Program ZUMBA®FITNESS odkryła w 2010 roku. Połączenie tańca, fitnessu i gorących rytmów stało się jej największą pasją i sposobem na życie. Od kwietnia 2013 roku jest licencjonowaną instruktorką ZUMBA®FITNESS. Swoją pasją pragnie zarażać innych, pokazując jednocześnie, że trening nie musi być nudny, a ćwicząc możemy poczuć się jak na imprezie :)Zapisy:GAK Wyspa Skarbówul. Turystyczna 3Tel: 58 323 91 15e-mail: wyspaskarbow@gak.gda.pl','ZAJĘCIA GRUPOWEdla kobiet 50 +Zajęcia prozdrowotne i uelastyczniające dla kobiet 50+.ZAJĘCIA GRUPOWE 1 raz w tyg. :・ Wiek: dorośli i seniorzy・ Cena: 20 zł – 1 zajęcia, 70 zł – miesiąc・ Częstotliwość: 1 raz w tygodniu, 60 minutZA...','2020-10-21 11:05:00','Gimnastyka prozdrowotna - OD PAŹDZIERNIKA','2020-10-21 09:05:00','http://wyspaskarbow.gak.gda.pl',5,13,88),(49215,'1',NULL,'83','NAUKA GRY NA PERKUSJI - prowadzący Jacek ReznerNa perkusji gra od 15 roku życia.Koncertował m.in. w Newcastle, Liverpoolu, Kampen, Bergen, Berlinie, Rydze, Lipawie, Tatru, Valmierze, Pradze, Ostrawie.Występował na Festiwalach: Liverpool International Festival Of Psychedelia 2016, Soundrive 2015, Offestiwal 2015, Spacefest 2014, Jazz Jantar 2014, Magnetofon 2013Uczestnik warsztatów w ramach wymiany Stage Europe Network we Francji prowadzonych przez znanego francuskiego perkusistę Laurenta Piacentino.Współpracował z zespołem Enchanted Hunters podczas tworzenia muzyki do filmu „Małe stłuczki”.Na co dzień pracownik Stacji Orunia GAK.Zajęcia skierowane do osób lubiących rytm, pragnących rozpocząć przygodę z grą na perkusji, jak również do tych o wyższym poziomie wtajemniczenia.W programie zajęć:Zaznajomienie z instrumentem – przedstawienie szczegółowo elementów składających się na perkusje oraz przedstawienie historii instrumentu. Zapoznanie z technikami gry na perkusji – właściwa technika ułożenia dłoni oraz pracy nadgarstkami. Praca nad właściwym wydobywaniem dźwięków. Zachowanie prawidłowej postawy podczas gry na instrumencie. Stopniowanie dynamiki podczas gry. Kształtowanie samodzielnej pracy nad instrumentem oraz rozwijanie i kształcenie wyobraźni artystycznej. ','NAUKA GRY NA PERKUSJI - prowadzący Jacek ReznerNa perkusji gra od 15 roku życia.Koncertował m.in. w Newcastle, Liverpoolu, Kampen, Bergen, Berlinie, Rydze, Lipawie, Tatru, Valmierze, Pradze, Ostrawie.Występował na Festiwalach: Liverpool Interna...','2020-10-21 14:00:00','Nauka gry na perkusji // Młodzież i dorośli','2020-10-21 12:00:00','http://stacjaorunia.weebly.com',5,8,89),(72609,'1',NULL,'35','ZAJĘCIA INDYWIDUALNE I GRUPOWE6 - 99 LATNa zajęciach wprowadzimy Was w świat muzyki i dźwięków jakie tworzy instrument. Instruktor stara się uwrażliwić wychowanków na wszelkie otaczające nas dźwięki tworzone przez przyrodę, morze, zwierzęta i urządzenia. Poznacie nuty oraz otrzymacie narzędzia do rozwijania własnej twórczości muzycznej. Nauczycie się podstawowych technik gry na gitarze. (n.p. gra gam, gra appreggio, gra akordowa) oraz koordynacji rąk. Poczujecie jak pracować z muzyką i w jaki sposób o niej myśleć.ZAJĘCIA INDYWIDUALNE:・ Wiek: dzieci 6+ i dorośli・ Cena: 70 zł – 1 zajęcia, 170 zł – miesiąc・ Częstotliwość: 1 raz w tygodniu, 45 minutZAJĘCIA GRUPOWE:・ Wiek: dzieci 6+ i dorośli・ Cena: 70 zł – 1 zajęcia, 120 zł – miesiąc・ Częstotliwość: 1 raz w tygodniu, 45 minutILOŚĆ MIEJSC OGRANICZONA!INSTRUKTOR:Ireneusz Pestka - muzyk, gitarzysta, pedagog. Swoje umiejętności muzyczne zdobywał na uczelniach: słupskiej i bydgoskiej na wydziale - Wychowanie Muzyczne pod okiem takich wykładowców jak Leszek Kułakowski.\"Swoje umiejętności muzyczne i nauczycielskie zdobywałem na uczelniach słupskiej i bydgoskiej na kierunku - Wychowanie Muzyczne, pod okiem takich wykładowców jak Leszek Kułakowski. Jako nauczyciel muzyki pracuję od roku 2003, zdobywając doświadczenie w szkołach podstawowych i gimnazjach Gdańska. Od kilkunastu lat jestem też instruktorem nauki gry na gitarze, ucząc dzieci i młodzież w Młodzieżowym Domu Kultury w Gdyni i aktualnie w Szkole Muzycznej Yamaha w Gdańsku. „Wspólne muzykowanie” to idea, która jest realizowana na zajęciach.\" Zajęcia gitarowe starają się rozwijać nie tylko techniczne umiejętności gry na instrumencie ale też kształtować poczucie estetyki i wrażliwości poprzez muzykę, biorąc pod uwagę indywidualne predyspozycje uczniów.ZAPISY:GAK Wyspa Skarbówul. Turystyczna 3Tel: 58 323 91 15e-mail: wyspaskarbow@gak.gda.pl','ZAJĘCIA INDYWIDUALNE I GRUPOWE6 - 99 LATNa zajęciach wprowadzimy Was w świat muzyki i dźwięków jakie tworzy instrument. Instruktor stara się uwrażliwić wychowanków na wszelkie otaczające nas dźwięki tworzone przez przyrodę, morze, zwier...','2020-10-21 15:15:00','Nauka gry na gitarze - START 9.09.2020','2020-10-21 13:15:00','http://wyspaskarbow.gak.gda.pl',5,13,90),(49066,'1',NULL,'83','WITRAŻ- prowadzący Andrzej KapicaInstruktor z wieloletnim doświadczeniem. Przygodę z witrażami rozpoczął w roku 2001 jako uczestnik Podstawowego Kursu Witrażownictwa, prowadzonego przez znanego gdańskiego witrażystę Grzegorza Zielińskiego w Promocyjnym Klubie Muzycznym MDK na Suchaninie. Nabyte umiejętności doskonalił nieprzerwanie do końca 2003 roku w Pracowni Witraży Grzegorza Zielińskiego, pod okiem właściciela pracowni.W roku 2007 został członkiem The Stained Glass Association of America.Wielokrotnie prezentował swoje prace na różnych wystawach zarówno w kraju jak i zagranicą między innymi: Wystawa Prac Plastycznych „Tęczowy Most” w Druskiennikach na Litwie, prezentacja prac w ramach wystawy Andrzeja Dudy i Obertasa Żukauskasa pt „Widziane Nie Widzialne” w Galerii Mariackiej w Gdańsku, na zaproszenie Urzędu Miasta Pelplina prezentacja prac witrażowych(lampy) podczas Jarmarku Cysterskiego.Ważniejsze prace witrażysty: wykonanie projektu witraży i oświetlenia witrażowego w Kościele NMP Królowej Kościoła w Jantarze.Realizowanie zleceń na witraże(lampy, witraży do drzwi) dla klientów w Niemczech, Anglii, Szwecji, USAWspółpracował z pracowniami artystycznymi m.in. Artystyczna Pracownia Odlewnictwa i Witraży Stanisław Janiszewski  ','WITRAŻ- prowadzący Andrzej KapicaInstruktor z wieloletnim doświadczeniem. Przygodę z witrażami rozpoczął w roku 2001 jako uczestnik Podstawowego Kursu Witrażownictwa, prowadzonego przez znanego gdańskiego witrażystę Grzegorza Zielińskiego...','2020-10-21 17:00:00','Witraż // od 16 lat','2020-10-21 15:00:00','http://stacjaorunia.weebly.com',5,8,91),(63850,'1',NULL,'51','Zajęcia witrażowe dla dorosłych i młodzieży od 16 lat. Czas trwania kursu wynosi trzy miesiące. Podczas kursu uczestnicy posiądą niepowtarzalną wiedzę jak precyzyjnie pociąć szkło, owinąć szklane elementy miedzianą taśmą oraz połączyć w taki sposób, aby umożliwić ich zalutowanie. Zapewniamy wszystkie niezbędne materiały i narzędzia. Prace wykonane przez uczestników podczas kursu pozostają ich własnością.  Prowadzący: Andrzej Kapica, instruktor z wieloletnim doświadczeniem. Przygodę z witrażami rozpoczął w roku 2001 jako uczestnik Podstawowego Kursu Witrażownictwa, prowadzonego przez znanego gdańskiego witrażystę Grzegorza Zielińskiego w Promocyjnym Klubie Muzycznym MDK na Suchaninie. Nabyte umiejętności doskonalił nieprzerwanie do końca 2003 roku w Pracowni Witraży Grzegorza Zielińskiego, pod okiem właściciela pracowni.W roku 2007 został członkiem The Stained Glass Association of America. Wielokrotnie prezentował swoje prace na różnych wystawach zarówno w kraju jak i zagranicą między innymi: Wystawa Prac Plastycznych „Tęczowy Most” w Druskiennikach na Litwie, prezentacja prac w ramach wystawy Andrzeja Dudy i Obertasa Żukauskasa pt „Widziane Nie Widzialne” w Galerii Mariackiej w Gdańsku, na zaproszenie Urzędu Miasta Pelplina prezentacja prac witrażowych(lampy) podczas Jarmarku Cysterskiego.Ważniejsze prace witrażysty: wykonanie projektu witraży i oświetlenia witrażowego w Kościele NMP Królowej Kościoła w Jantarze.','Zajęcia witrażowe dla dorosłych i młodzieży od 16 lat. Czas trwania kursu wynosi trzy miesiące. Podczas kursu uczestnicy posiądą niepowtarzalną wiedzę jak precyzyjnie pociąć szkło, owinąć szklane elementy miedzianą taśmą oraz połą...','2020-10-21 18:00:00','Witraż','2020-10-21 15:00:00','http://stacjaorunia.weebly.com',5,8,92),(72688,'1',NULL,'51','ZAJĘCIA GRUPOWE Rozwijamy niczym nieskrępowaną dziecięcą fantazję oraz wrażliwość artystyczną poprzez świat sztuki. Mali artyści pod okiem doświadczonej instruktorki stworzą swoje indywidualne, niepowtarzalne dzieła, jak i otrzymają możliwość wystawy swoich prac. Dzieci zetkną się z wielką sztuką (kuratorskie oprowadzanie po aktualnych wystawach galerii „Wyspy Skarbów”), przygotują do udziału w akcjach typu Artystyczne Ferie letnie i zimowe.ZAJĘCIA GRUPOWE:Wiek: dzieci 5 – 15 latCena: 20 zł – 1 zajęcia, 50 zł – miesiącCzęstotliwość: 1 raz w tygodniu, 90 minutILOŚĆ MIEJSC OGRANICZONA!PROWADZENIE -  Paulina Llera Arias, Wyspiarka. Ukończyła Liceum Plastyczne w Gdyni Orłowie o profilu Fotografia Artystyczna. Absolwentka Akademii Sztuk Pięknych w Gdańsku (kierunek-  Edukacja Artystyczna). Swoją zawodową przygodę kontynuowała pracując przez kilka lat w pracowni plastycznej Teatru Miniatura, a od 2005 roku związana jest z GAK Wyspa Skarbów.ZAPISY:GAK Wyspa Skarbówul. Turystyczna 3Tel: 58 323 91 15e-mail: wyspaskarbow@gak.gda.pl','ZAJĘCIA GRUPOWE Rozwijamy niczym nieskrępowaną dziecięcą fantazję oraz wrażliwość artystyczną poprzez świat sztuki. Mali artyści pod okiem doświadczonej instruktorki stworzą swoje indywidualne, niepowtarzalne dzieła, jak i otrzymają m...','2020-10-21 18:00:00','Plastyka dla dzieci - OD PAŹDZIERNIKA','2020-10-21 16:00:00','http://wyspaskarbow.gak.gda.pl',5,13,93),(72499,'1','http://www.teatrminiatura.pl/media/repertoire/tm_kasia_genNET_45.jpg','19','na podstawie książki Sarah Crossan (tytuł oryginalny: „The Weight of Water”)\ntłumaczenie: Katarzyna Domańska (Wydawnictwo Dwie Siostry)adaptacja, reżyseria i inscenizacja: Anna Wieczur-Bluszczscenografia: Ewa Gdowiokwspółpraca przy koncepcji wizualnej oraz animacje filmowe: Esy Floresy (Urszula Morga, Bartosz Mikołajczyk)muzyka: Łukasz Matuszykasystenci ds. scenografii: Kinga Patoka, Piotr Jurekudźwiękowienie: Agata Chodyrakoncepcja i realizacja techniczna, światło: Maciej Motowidło\nobsada: Jolanta Darewicz, Agnieszka Grzegorzewska, Edyta Janusz-Ehrlich, Piotr Kłudka, Jacek Majok, Jadwiga Sankowska, Joanna Tomasikgłos Kasieńki: Anna Andruszkiewicz\nPrapremiera polska: 26 marca 2017Duża Scena Teatru Miniatura\nDla widzów od 11 lat\nCzas trwania: 1 h 20 min (bez przerwy)  \nUWAGA! Spektakl ma wyjątkową formę i z tego względu polecamy miejsca w dalszych rzędach, w których lepiej się go ogląda. \nTHE WEIGHT OF WATER jest zaadaptowana i wystawiona za zgodą Sarah Crossan. Copyright ©2012 by Sarah Crossan. Wszystkie prawa zastrzeżone.','na podstawie książki Sarah Crossan (tytuł oryginalny: „The Weight of Water”)\ntłumaczenie: Katarzyna Domańska (Wydawnictwo Dwie Siostry)adaptacja, reżyseria i inscenizacja: Anna Wieczur-Bluszczscenografia: Ewa Gdowiokwspółpraca przy koncep...','2020-10-21 20:00:00','Kasieńka','2020-10-21 18:00:00','http://www.teatrminiatura.pl/pl/repertuar/detail/567/kasienka/',2,1,94),(72529,'1',NULL,'77','ZAJĘCIA GRUPOWE14 - 99 LATZUMBA®FITNESS jest treningiem powstałym przez połączenie tańca z elementami fitness. Intensywność poszczególnych treningów dostosowana jest do możliwości grupy. Celem zajęć jest przede wszystkim intensywne spalanie kalorii, natomiast forma treningu (energetyczna muzyka i możliwość śpiewania) sprawia, że nie odczuwamy tego, że ćwiczymy.ZAJĘCIA GRUPOWE 1 godz. :・ Wiek: 14+ i dorośli (także dla seniorów!)・ Cena: 20 zł – 1 godzina, 70 zł – miesiąc・ Częstotliwość: 1 raz w tygodniu, 50 minutZAJĘCIA GRUPOWE 1 godz. GIMNASTYKI + 1 godz. ZUMBY :・ Wiek: 14+ i dorośli (także dla seniorów!)・ Cena: 30 zł – 2 godziny, 100 zł – miesiąc・ Częstotliwość: 1 raz w tygodniu, 100 minutILOŚĆ MIEJSC OGRANICZONA!INSTRUKTOR:Ola Kloska. Z tańcem związana od 7 roku życia, uczestniczka wielu kursów i warsztatów tanecznych - początkowo tańce towarzyskie, narodowe. W 2005 roku poznała reggaeton, najpierw jako styl muzyczny, a trzy lata później na parkiecie. Miłość do reggaetonu przerodziła się w zainteresowanie kulturą krajów Ameryki Środkowej i Południowej i poznawanie innych stylów: salsa, bachata, dancehall, a także sexy dance, afro dance czy hip-hop. Program ZUMBA®FITNESS odkryła w 2010 roku. Połączenie tańca, fitnessu i gorących rytmów stało się jej największą pasją i sposobem na życie. Od kwietnia 2013 roku jest licencjonowaną instruktorką ZUMBA®FITNESS. Swoją pasją pragnie zarażać innych, pokazując jednocześnie, że trening nie musi być nudny, a ćwicząc możemy poczuć się jak na imprezie :)ZAPISY:GAK Wyspa Skarbówul. Turystyczna 3Tel: 58 323 91 15e-mail: wyspaskarbow@gak.gda.pl','ZAJĘCIA GRUPOWE14 - 99 LATZUMBA®FITNESS jest treningiem powstałym przez połączenie tańca z elementami fitness. Intensywność poszczególnych treningów dostosowana jest do możliwości grupy. Celem zajęć jest przede wszystkim intensywne spal...','2020-10-21 20:00:00','Zumba - START 9.09.2020','2020-10-21 18:00:00','http://wyspaskarbow.gak.gda.pl',5,13,95),(72812,'1',NULL,'35','ZAJĘCIA INDYWIDUALNE I GRUPOWE6 - 99 LATPROFIL ROZRYWKOWY - DLA POCZĄTKUJĄCYCHZAJĘCIA INDYWIDUALNE (1 raz w tygodniu):・ Wiek: dzieci 6+ i dorośli・ Cena: 70 zł – 1 zajęcia, 170 zł – miesiąc・ Częstotliwość: 1 raz w tygodniu, 45 minutZAJĘCIA INDYWIDUALNE (2 razy w tygodniu):・ Wiek: dzieci 6+ i dorośli・ Cena: 70 zł – 1 zajęcia, 280 zł – miesiąc・ Częstotliwość: 2 razy w tygodniu, 45 minutZAPISY:GAK Wyspa Skarbówul. Turystyczna 3Tel: 58 323 91 15e-mail: wyspaskarbow@gak.gda.pl','ZAJĘCIA INDYWIDUALNE I GRUPOWE6 - 99 LATPROFIL ROZRYWKOWY - DLA POCZĄTKUJĄCYCHZAJĘCIA INDYWIDUALNE (1 raz w tygodniu):・ Wiek: dzieci 6+ i dorośli・ Cena: 70 zł – 1 zajęcia, 170 zł – miesiąc・ Częstotliwość: 1 raz w tygodniu, 45 mi...','2020-10-22 14:00:00','Pianino - profil rozrywkowy - OD PAŹDZERNIKA','2020-10-22 12:00:00','http://wyspaskarbow.gak.gda.pl',5,13,96),(72734,'1',NULL,'77','ZAJĘCIA GRUPOWEdla kobiet 50 +Zajęcia prozdrowotne i uelastyczniające dla kobiet 50+.ZAJĘCIA GRUPOWE 1 raz w tyg. :・ Wiek: dorośli i seniorzy・ Cena: 20 zł – 1 zajęcia, 70 zł – miesiąc・ Częstotliwość: 1 raz w tygodniu, 60 minutZAJĘCIA GRUPOWE 2 razy w tyg. :・ Wiek: dorośli i seniorzy・ Cena: 20 zł – 1 zajęcia, 120 zł – miesiąc・ Częstotliwość: 2 razy w tygodniu, 60 minutILOŚĆ MIEJSC OGRANICZONA!INSTRUKTOR:Ola Kloska. Z tańcem związana od 7 roku życia, uczestniczka wielu kursów i warsztatów tanecznych - początkowo tańce towarzyskie, narodowe. W 2005 roku poznała reggaeton, najpierw jako styl muzyczny, a trzy lata później na parkiecie. Miłość do reggaetonu przerodziła się w zainteresowanie kulturą krajów Ameryki Środkowej i Południowej i poznawanie innych stylów: salsa, bachata, dancehall, a także sexy dance, afro dance czy hip-hop. Program ZUMBA®FITNESS odkryła w 2010 roku. Połączenie tańca, fitnessu i gorących rytmów stało się jej największą pasją i sposobem na życie. Od kwietnia 2013 roku jest licencjonowaną instruktorką ZUMBA®FITNESS. Swoją pasją pragnie zarażać innych, pokazując jednocześnie, że trening nie musi być nudny, a ćwicząc możemy poczuć się jak na imprezie :)Zapisy:GAK Wyspa Skarbówul. Turystyczna 3Tel: 58 323 91 15e-mail: wyspaskarbow@gak.gda.pl','ZAJĘCIA GRUPOWEdla kobiet 50 +Zajęcia prozdrowotne i uelastyczniające dla kobiet 50+.ZAJĘCIA GRUPOWE 1 raz w tyg. :・ Wiek: dorośli i seniorzy・ Cena: 20 zł – 1 zajęcia, 70 zł – miesiąc・ Częstotliwość: 1 raz w tygodniu, 60 minutZA...','2020-10-23 11:05:00','Gimnastyka prozdrowotna - OD PAŹDZIERNIKA','2020-10-23 09:05:00','http://wyspaskarbow.gak.gda.pl',5,13,97),(72569,'1',NULL,'35','ZAJĘCIA INDYWIDUALNE I GRUPOWE6 - 99 LATJeśli chcesz nauczyć się śpiewu, zasad poprawnej dykcji, artykulacji, prawidłowego oddechu, świetnie trafiłeś! Na zajęciach dzieci w praktyce uczyć się będą:- prawidłowej emisji głosu i jakie są jej elementy;- jak prawidłowo oddychać podczas śpiewu;- poznaj - szereg ćwiczeń poszerzających skalę głosu;- poznaj - wartościowy repertuar dopasowany specjalnie dla ich głosu;- naucz radzić sobie z tremąZAJĘCIA INDYWIDUALNE:・ Wiek: dzieci 6+ i dorośli・ Cena: 70 zł – 1 zajęcia, 170 zł – miesiąc・ Częstotliwość: 1 raz w tygodniu, 60 minutILOŚĆ MIEJSC OGRANICZONA!INSTRUKTORJoanna Przyborowska, absolwentka Wokalistyki Estradowej na Akademii Muzycznej w Łodzi. „Z muzyką związana jestem od \'zawsze\'. Doświadczenie sceniczne zdobywałam biorąc udział w licznych projektach muzycznych, warsztatach wokalnych i festiwalach piosenki, dzięki czemu miałam możliwość występowania w wielu wspaniałych miejscach.”ZAPISY:GAK Wyspa Skarbówul. Turystyczna 3Tel: 58 323 91 15e-mail: wyspaskarbow@gak.gda.pl','ZAJĘCIA INDYWIDUALNE I GRUPOWE6 - 99 LATJeśli chcesz nauczyć się śpiewu, zasad poprawnej dykcji, artykulacji, prawidłowego oddechu, świetnie trafiłeś! Na zajęciach dzieci w praktyce uczyć się będą:- prawidłowej emisji głosu i jakie s','2020-10-23 15:15:00','Wokalistyka - OD PAŹDZIERNIKA','2020-10-23 13:15:00','http://wyspaskarbow.gak.gda.pl',5,13,98),(55054,'1',NULL,'69','Teatr „Stokrotka” oraz Teatr „Alternatywa” Gdańskiego Archipelagu Kultury powstał w październiku 2010 roku z siedzibą w Dworku Artura.Zajęcia skupiają dzieci w dwóch grupach wiekowych 5 - 11 lat oraz 12 - 15 lat i są one kontynuacją działań realizowanych wcześniej w strukturach Teatru „Poza Tym” oraz „Teatru GAK”.Grupy prowadzi instruktor teatralny Pani Ewa Krawczyk, która pracuje od 16 lat w Gdańskim Archipelagu Kultury Gama, gdzie również organizuje różnego rodzaju imprezy oraz prowadzi grupy teatralne.Działania Teatru mają na swoim koncie wiele spektakli wystawianych w Gdańskim Archipelagu Kultury, ale również mają udział w festiwalach teatralnych w Niemczech - Bremen w 2005 -2007-2011 roku na zaproszenie Theater 62 Bremen.Głównym celem zajęć jest tworzenie teatru poprzez zabawę.Teatr w życiu dzieci, jest bardzo ważnym elementem wspomagającym rozwój osobowości, aktywności, twórczości młodego człowieka, a także uczy współpracy w zespole.Uczestnicy zajęć będą mogli sprawdzić i rozwijać swoje umiejętności aktorskie, literackie , plastyczne, wokalne, taneczne oraz organizacyjne.Ukoronowaniem pracy dzieci będzie premiera spektaklu przygotowywana w ramach zajęć teatralnych.','Teatr „Stokrotka” oraz Teatr „Alternatywa” Gdańskiego Archipelagu Kultury powstał w październiku 2010 roku z siedzibą w Dworku Artura.Zajęcia skupiają dzieci w dwóch grupach wiekowych 5 - 11 lat oraz 12 - 15 lat i są one kontynuacją ...','2020-10-23 18:00:00','Teatr „Stokrotka” dla dzieci','2020-10-23 16:00:00','http://stacjaorunia.weebly.com',5,8,99),(48718,'1',NULL,'83','RYSUNEK I MALARSTWO - prowadząca Grażyna KunickaStudia na Państwowej w Państwowej Wyższej Szkole Sztuk Plastycznych (ASP) w Gdańsku na wydziale Malarstwa i Grafiki w pracowni prof. K. Berezińskiego. Dyplom w 1987 r.Uprawia malarstwo, ceramikę i ilustrację książkową.Jest kuratorką wystaw, animatorką kultury, wykładowcą na studiach podyplomowych, liderką i współautorką scenariuszy międzynarodowych projektów unijnych, uczestniczką plenerów, sympozjów międzynarodowych i społecznych akcji artystycznych organizowanych na rzecz miasta. ','RYSUNEK I MALARSTWO - prowadząca Grażyna KunickaStudia na Państwowej w Państwowej Wyższej Szkole Sztuk Plastycznych (ASP) w Gdańsku na wydziale Malarstwa i Grafiki w pracowni prof. K. Berezińskiego. Dyplom w 1987 r.Uprawia malarstwo, ceramikę...','2020-10-23 19:00:00','Rysunek i Malarstwo // młodzież i dorośli','2020-10-23 17:00:00','http://stacjaorunia.weebly.com',5,8,100);
/*!40000 ALTER TABLE `Event` ENABLE KEYS */;
UNLOCK TABLES;

--
-- Table structure for table `Organizer`
--

DROP TABLE IF EXISTS `Organizer`;
/*!40101 SET @saved_cs_client     = @@character_set_client */;
/*!50503 SET character_set_client = utf8mb4 */;
CREATE TABLE `Organizer` (
  `id` int NOT NULL,
  `designation` varchar(255) DEFAULT NULL,
  PRIMARY KEY (`id`)
) ENGINE=MyISAM DEFAULT CHARSET=utf8mb4 COLLATE=utf8mb4_0900_ai_ci;
/*!40101 SET character_set_client = @saved_cs_client */;

--
-- Dumping data for table `Organizer`
--

LOCK TABLES `Organizer` WRITE;
/*!40000 ALTER TABLE `Organizer` DISABLE KEYS */;
INSERT INTO `Organizer` VALUES (5,'Gdański Archipelag Kultury'),(108,'Fabryka Sztuk'),(421,'Stowarzyszenie Amberton'),(2,'Miejski Teatr MINIATURA'),(68,'Gmina Szemud'),(61,'Towarzystwo Przyjaciół Sopotu'),(11,'Opera Bałtycka'),(255,'Sopot'),(56,'Gdański Teatr Szekspirowski'),(223,'Miasto Puck'),(50,'Wojewódzka i Miejska Biblioteka Publiczna w Gdańsku');
/*!40000 ALTER TABLE `Organizer` ENABLE KEYS */;
UNLOCK TABLES;

--
-- Table structure for table `Place`
--

DROP TABLE IF EXISTS `Place`;
/*!40101 SET @saved_cs_client     = @@character_set_client */;
/*!50503 SET character_set_client = utf8mb4 */;
CREATE TABLE `Place` (
  `id` int NOT NULL,
  `name` varchar(255) DEFAULT NULL,
  `subName` varchar(255) DEFAULT NULL,
  PRIMARY KEY (`id`)
) ENGINE=MyISAM DEFAULT CHARSET=utf8mb4 COLLATE=utf8mb4_0900_ai_ci;
/*!40101 SET character_set_client = @saved_cs_client */;

--
-- Dumping data for table `Place`
--

LOCK TABLES `Place` WRITE;
/*!40000 ALTER TABLE `Place` DISABLE KEYS */;
INSERT INTO `Place` VALUES (8,'Gdański Archipelag Kultury',NULL),(483,'Fabryka Sztuk w Tczewie',NULL),(3022,'online',NULL),(1,'Miejski Teatr MINIATURA',NULL),(13,'Gdański Archipelag Kultury',NULL),(2397,'Gminna hala sportowa w Bojanie',NULL),(2240,'Dworek Sierakowskich',NULL),(1868,'Hala sportowa w Szemudzie',NULL),(35,'Opera Bałtycka',NULL),(2623,'Stadion Leśny',NULL),(235,'Gdański Teatr Szekspirowski',NULL),(3011,'Gminne Centrum Sportowe w Kielnie',NULL),(1851,'Miasto Puck',NULL),(1643,'Centrum Jeździectwa Hipodrom Sopot',NULL),(1644,'ERGO ARENA',NULL),(14,'Gdański Archipelag Kultury',NULL),(1414,'Wojewódzka i Miejska Biblioteka Publiczna w Gdańsku',NULL);
/*!40000 ALTER TABLE `Place` ENABLE KEYS */;
UNLOCK TABLES;

--
-- Table structure for table `Ticket`
--

DROP TABLE IF EXISTS `Ticket`;
/*!40101 SET @saved_cs_client     = @@character_set_client */;
/*!50503 SET character_set_client = utf8mb4 */;
CREATE TABLE `Ticket` (
  `id` int NOT NULL,
  `type` varchar(255) DEFAULT NULL,
  PRIMARY KEY (`id`)
) ENGINE=MyISAM DEFAULT CHARSET=utf8mb4 COLLATE=utf8mb4_0900_ai_ci;
/*!40101 SET character_set_client = @saved_cs_client */;

--
-- Dumping data for table `Ticket`
--

LOCK TABLES `Ticket` WRITE;
/*!40000 ALTER TABLE `Ticket` DISABLE KEYS */;
INSERT INTO `Ticket` VALUES (1,'unknown'),(2,'free'),(3,'free'),(4,'unknown'),(5,'unknown'),(6,'tickets'),(7,'free'),(8,'unknown'),(9,'unknown'),(10,'unknown'),(11,'unknown'),(12,'unknown'),(13,'unknown'),(14,'unknown'),(15,'free'),(16,'tickets'),(17,'unknown'),(18,'free'),(19,'free'),(20,'unknown'),(21,'unknown'),(22,'free'),(23,'unknown'),(24,'free'),(25,'unknown'),(26,'unknown'),(27,'unknown'),(28,'unknown'),(29,'unknown'),(30,'unknown'),(31,'unknown'),(32,'tickets'),(33,'tickets'),(34,'unknown'),(35,'tickets'),(36,'tickets'),(37,'unknown'),(38,'unknown'),(39,'unknown'),(40,'unknown'),(41,'unknown'),(42,'unknown'),(43,'unknown'),(44,'unknown'),(45,'unknown'),(46,'unknown'),(47,'unknown'),(48,'free'),(49,'unknown'),(50,'free'),(51,'unknown'),(52,'free'),(53,'unknown'),(54,'unknown'),(55,'unknown'),(56,'unknown'),(57,'unknown'),(58,'unknown'),(59,'unknown'),(60,'unknown'),(61,'unknown'),(62,'unknown'),(63,'unknown'),(64,'unknown'),(65,'unknown'),(66,'unknown'),(67,'unknown'),(68,'unknown'),(69,'unknown'),(70,'unknown'),(71,'unknown'),(72,'tickets'),(73,'unknown'),(74,'tickets'),(75,'free'),(76,'unknown'),(77,'unknown'),(78,'unknown'),(79,'unknown'),(80,'unknown'),(81,'unknown'),(82,'unknown'),(83,'unknown'),(84,'unknown'),(85,'unknown'),(86,'unknown'),(87,'tickets'),(88,'unknown'),(89,'unknown'),(90,'unknown'),(91,'unknown'),(92,'unknown'),(93,'unknown'),(94,'tickets'),(95,'unknown'),(96,'unknown'),(97,'unknown'),(98,'unknown'),(99,'unknown'),(100,'unknown');
/*!40000 ALTER TABLE `Ticket` ENABLE KEYS */;
UNLOCK TABLES;

--
-- Table structure for table `User`
--

DROP TABLE IF EXISTS `User`;
/*!40101 SET @saved_cs_client     = @@character_set_client */;
/*!50503 SET character_set_client = utf8mb4 */;
CREATE TABLE `User` (
  `id` int NOT NULL,
  PRIMARY KEY (`id`)
) ENGINE=MyISAM DEFAULT CHARSET=utf8mb4 COLLATE=utf8mb4_0900_ai_ci;
/*!40101 SET character_set_client = @saved_cs_client */;

--
-- Dumping data for table `User`
--

LOCK TABLES `User` WRITE;
/*!40000 ALTER TABLE `User` DISABLE KEYS */;
/*!40000 ALTER TABLE `User` ENABLE KEYS */;
UNLOCK TABLES;

--
-- Table structure for table `Users_Event`
--

DROP TABLE IF EXISTS `Users_Event`;
/*!40101 SET @saved_cs_client     = @@character_set_client */;
/*!50503 SET character_set_client = utf8mb4 */;
CREATE TABLE `Users_Event` (
  `Event_id` int NOT NULL,
  `User_id` int NOT NULL,
  KEY `FK2d8jcwbk8oxgnnmjhqbygjr8j` (`User_id`),
  KEY `FKlrdtqs2jfwlkq17ck07rbfyhq` (`Event_id`)
) ENGINE=MyISAM DEFAULT CHARSET=utf8mb4 COLLATE=utf8mb4_0900_ai_ci;
/*!40101 SET character_set_client = @saved_cs_client */;

--
-- Dumping data for table `Users_Event`
--

LOCK TABLES `Users_Event` WRITE;
/*!40000 ALTER TABLE `Users_Event` DISABLE KEYS */;
/*!40000 ALTER TABLE `Users_Event` ENABLE KEYS */;
UNLOCK TABLES;

--
-- Table structure for table `hibernate_sequence`
--

DROP TABLE IF EXISTS `hibernate_sequence`;
/*!40101 SET @saved_cs_client     = @@character_set_client */;
/*!50503 SET character_set_client = utf8mb4 */;
CREATE TABLE `hibernate_sequence` (
  `next_val` bigint DEFAULT NULL
) ENGINE=MyISAM DEFAULT CHARSET=utf8mb4 COLLATE=utf8mb4_0900_ai_ci;
/*!40101 SET character_set_client = @saved_cs_client */;

--
-- Dumping data for table `hibernate_sequence`
--

LOCK TABLES `hibernate_sequence` WRITE;
/*!40000 ALTER TABLE `hibernate_sequence` DISABLE KEYS */;
INSERT INTO `hibernate_sequence` VALUES (101);
/*!40000 ALTER TABLE `hibernate_sequence` ENABLE KEYS */;
UNLOCK TABLES;
/*!40103 SET TIME_ZONE=@OLD_TIME_ZONE */;

/*!40101 SET SQL_MODE=@OLD_SQL_MODE */;
/*!40014 SET FOREIGN_KEY_CHECKS=@OLD_FOREIGN_KEY_CHECKS */;
/*!40014 SET UNIQUE_CHECKS=@OLD_UNIQUE_CHECKS */;
/*!40101 SET CHARACTER_SET_CLIENT=@OLD_CHARACTER_SET_CLIENT */;
/*!40101 SET CHARACTER_SET_RESULTS=@OLD_CHARACTER_SET_RESULTS */;
/*!40101 SET COLLATION_CONNECTION=@OLD_COLLATION_CONNECTION */;
/*!40111 SET SQL_NOTES=@OLD_SQL_NOTES */;

-- Dump completed on 2020-10-28 12:57:00
